Renner,€,T,Team,OML,KBK,SAM,STR,NOK,BKC,MSR,RVB,E3,IFF,DDV,RVV,SP,PR,RVL,BR P,AGR,WA P,LBL,Tot Ptn,Ptn/M,#races '26,Opsomming races,Specialiteit,Level
WELLENS Tim,6,UAE,UAE Team Emirates - XRG,X,X,,X,X,,X,,X,X,X,X,,X,,X,X,,,0,"0,0",12,"OML, KBK, STR, NOK, MSR, E3, IFF, DDV, RVV, PR, BR P, AGR",GC,WT
VERMEERSCH Gianni,4,RBBH,Red Bull - BORA - hansgrohe,X,X,X,X,X,,,,X,X,X,X,,X,,,,,,0,"0,0",10,"OML, KBK, SAM, STR, NOK, E3, IFF, DDV, RVV, PR",Oneday,WT
DE BONDT Dries,4,JAY,Team Jayco AlUla,X,X,,,X,X,,,X,X,X,X,,X,X,,,,,0,"0,0",10,"OML, KBK, NOK, BKC, E3, IFF, DDV, RVV, PR, RVL",Oneday,WT
KRIJNSEN Jelte,3,JAY,Team Jayco AlUla,X,X,,,X,X,,X,X,X,X,X,,X,,,,,,0,"0,0",10,"OML, KBK, NOK, BKC, RVB, E3, IFF, DDV, RVV, PR",GC,PT
VERMEERSCH Florian,5,UAE,UAE Team Emirates - XRG,X,X,,X,,,X,X,X,X,X,X,,X,,,,,,0,"0,0",10,"OML, KBK, STR, MSR, RVB, E3, IFF, DDV, RVV, PR",Oneday,WT
PHILIPSEN Jasper,9,ALP,Alpecin-Premier Tech,X,X,,,X,,X,X,,X,X,,X,X,,,,,,0,"0,0",9,"OML, KBK, NOK, MSR, RVB, IFF, DDV, SP, PR",Sprint,WT
MOHORIČ Matej,5,BAH,Bahrain - Victorious,X,X,,X,,,X,,X,X,X,X,,X,,,,,,0,"0,0",9,"OML, KBK, STR, MSR, E3, IFF, DDV, RVV, PR",Oneday,PT
BENOOT Tiesj,6,DEC,Decathlon CMA CGM Team,X,X,,,,,,,X,X,X,X,,,,,X,X,X,0,"0,0",9,"OML, KBK, E3, IFF, DDV, RVV, AGR, WA P, LBL",Oneday,WT
POWLESS Neilson,6,EFE,EF Education - EasyPost,,,,X,,,X,,X,,X,X,,X,,,X,X,X,0,"0,0",9,"STR, MSR, E3, DDV, RVV, PR, AGR, WA P, LBL",Oneday,WT
ALBANESE Vincenzo,3,EFE,EF Education - EasyPost,X,X,,,,,X,X,X,X,X,X,,X,,,,,,0,"0,0",9,"OML, KBK, MSR, RVB, E3, IFF, DDV, RVV, PR",Hills,PT
GRÉGOIRE Romain,5,FDJ,Groupama - FDJ,,,,X,,,X,,X,,X,X,,,,X,X,X,X,0,"0,0",9,"STR, MSR, E3, DDV, RVV, BR P, AGR, WA P, LBL",Hills,WT
LAPORTE Christophe,5,VLAB,Team Visma | Lease a Bike,X,X,X,,,,X,,X,X,X,X,,X,,,,,,0,"0,0",9,"OML, KBK, SAM, MSR, E3, IFF, DDV, RVV, PR",Oneday,PT
TEUNS Dylan,4,COF,Cofidis,X,,X,,,,,,,,X,X,,,,X,X,X,X,0,"0,0",8,"OML, SAM, DDV, RVV, BR P, AGR, WA P, LBL",Climber,PT
KIRSCH Alex,3,COF,Cofidis,X,X,,,,,X,X,,X,X,X,,X,,,,,,0,"0,0",8,"OML, KBK, MSR, RVB, IFF, DDV, RVV, PR",TT,WT
BERCKMOES Jenno,4,LOT,Lotto Intermarché,X,,,,,,X,,X,X,X,X,,,,X,X,,,0,"0,0",8,"OML, MSR, E3, IFF, DDV, RVV, BR P, AGR",Oneday,WT
SÉNÉCHAL Florian,3,ALP,Alpecin-Premier Tech,X,X,,,X,,,X,,X,,X,,X,,,,,,0,"0,0",7,"OML, KBK, NOK, RVB, IFF, RVV, PR",Oneday,WT
PAGE Hugo,3,COF,Cofidis,X,X,X,,X,X,,,,X,X,,,,,,,,,0,"0,0",7,"OML, KBK, SAM, NOK, BKC, IFF, DDV",Oneday,PT
NAESEN Oliver,3,DEC,Decathlon CMA CGM Team,X,X,,,,,,,X,X,X,X,,X,,,,,,0,"0,0",7,"OML, KBK, E3, IFF, DDV, RVV, PR",Oneday,PT
MADOUAS Valentin,4,FDJ,Groupama - FDJ,X,X,,X,,,,,X,X,X,X,,,,,,,,0,"0,0",7,"OML, KBK, STR, E3, IFF, DDV, RVV",Oneday,WT
TRONCHON Bastien,3,FDJ,Groupama - FDJ,X,,,X,,,,,X,X,X,X,,X,,,,,,0,"0,0",7,"OML, STR, E3, IFF, DDV, RVV, PR",Oneday,PT
VACEK Mathias,6,LIDL,Lidl - Trek,X,,,,,,X,,X,X,X,X,,X,,,,,,0,"0,0",7,"OML, MSR, E3, IFF, DDV, RVV, PR",TT,WT
DE LIE Arnaud,6,LOT,Lotto Intermarché,X,X,,,,,,X,,X,X,X,,X,,,,,,0,"0,0",7,"OML, KBK, RVB, IFF, DDV, RVV, PR",Oneday,PT
ARTZ Huub,3,LOT,Lotto Intermarché,X,,X,,,,X,,,X,X,X,,X,,,,,,0,"0,0",7,"OML, SAM, MSR, IFF, DDV, RVV, PR",TT,PT
HOFSTETTER Hugo,5,NSN,NSN Cycling Team,,X,X,,X,X,,,,,,X,X,X,,,,,,0,"0,0",7,"KBK, SAM, NOK, BKC, RVV, SP, PR",Oneday,PT
PIDCOCK Thomas,8,Q36.5,Pinarello Q36.5 Pro Cycling Team,X,,,X,,,X,,,,,,,,,X,X,X,X,0,"0,0",7,"OML, STR, MSR, BR P, AGR, WA P, LBL",Oneday,WT
MEEUS Jordi,5,RBBH,Red Bull - BORA - hansgrohe,X,X,X,,X,,,,,X,,,X,X,,,,,,0,"0,0",7,"OML, KBK, SAM, NOK, IFF, SP, PR",Oneday,PT
MARIT Arne,4,RBBH,Red Bull - BORA - hansgrohe,,X,X,,X,,,,X,X,X,,X,,,,,,,0,"0,0",7,"KBK, SAM, NOK, E3, IFF, DDV, SP",Oneday,WT
STUYVEN Jasper,6,SQS,Soudal - Quick Step,X,X,,,,,X,,X,X,,X,,X,,,,,,0,"0,0",7,"OML, KBK, MSR, E3, IFF, RVV, PR",Oneday,WT
BRENNAN Matthew,6,VLAB,Team Visma | Lease a Bike,X,X,,,,,X,,,X,X,X,,X,,,,,,0,"0,0",7,"OML, KBK, MSR, IFF, DDV, RVV, PR",Sprint,WT
KIELICH Timo,3,VLAB,Team Visma | Lease a Bike,X,,,X,,,X,,X,X,,X,,X,,,,,,0,"0,0",7,"OML, STR, MSR, E3, IFF, RVV, PR",Oneday,WT
KUBIŠ Lukáš,4,UNI,Unibet Rose Rockets,X,X,,,,X,,,,X,X,X,,X,,,,,,0,"0,0",7,"OML, KBK, BKC, IFF, DDV, RVV, PR",Oneday,PT
TEUNISSEN Mike,4,AST,XDS Astana Team,X,,,,,,X,,X,X,X,X,,X,,,,,,0,"0,0",7,"OML, MSR, E3, IFF, DDV, RVV, PR",Oneday,PT
LIVYNS Arjen,3,AST,XDS Astana Team,X,X,,X,X,,,,X,X,X,,,,,,,,,0,"0,0",7,"OML, KBK, STR, NOK, E3, IFF, DDV",Oneday,WT
FRETIN Milan,5,COF,Cofidis,,X,,,,X,,X,,X,,,X,,X,,,,,0,"0,0",6,"KBK, BKC, RVB, IFF, SP, RVL",Sprint,PT
RENARD Alexis,3,COF,Cofidis,X,,X,,X,,,X,,X,X,,,,,,,,,0,"0,0",6,"OML, SAM, NOK, RVB, IFF, DDV",Oneday,WT
HOOLE Daan,3,DEC,Decathlon CMA CGM Team,,X,,,,,,X,,X,X,X,,X,,,,,,0,"0,0",6,"KBK, RVB, IFF, DDV, RVV, PR",TT,PT
BISSEGGER Stefan,3,DEC,Decathlon CMA CGM Team,X,X,,,,,,,X,X,,X,,X,,,,,,0,"0,0",6,"OML, KBK, E3, IFF, RVV, PR",TT,WT
GRUEL Thibaud,3,FDJ,Groupama - FDJ,X,,X,,,,,,X,X,X,X,,,,,,,,0,"0,0",6,"OML, SAM, E3, IFF, DDV, RVV",Hills,PT
PEDERSEN Mads,10,LIDL,Lidl - Trek,,,,,,,X,,X,X,X,X,,X,,,,,,0,"0,0",6,"MSR, E3, IFF, DDV, RVV, PR",Oneday,WT
ADRIÀ Roger,3,MOV,Movistar Team,X,X,,X,,,,,,,,,,,,,X,X,X,0,"0,0",6,"OML, KBK, STR, AGR, WA P, LBL",Oneday,PT
HERMANS Quinten,4,Q36.5,Pinarello Q36.5 Pro Cycling Team,,,,X,,,X,,,,,,,,,X,X,X,X,0,"0,0",6,"STR, MSR, BR P, AGR, WA P, LBL",Hills,PT
VAN BAARLE Dylan,4,SQS,Soudal - Quick Step,X,X,,,,,,,X,,X,X,,X,,,,,,0,"0,0",6,"OML, KBK, E3, DDV, RVV, PR",Oneday,CT
MATTHEWS Michael,6,JAY,Team Jayco AlUla,,,,,,,X,,X,X,,X,,,,,X,,X,0,"0,0",6,"MSR, E3, IFF, RVV, AGR, LBL",Oneday,PT
VAN AERT Wout,11,VLAB,Team Visma | Lease a Bike,X,,X,X,,,X,,,,,X,,X,,,,,,0,"0,0",6,"OML, SAM, STR, MSR, RVV, PR",Oneday,WT
ZINGLE Axel,4,VLAB,Team Visma | Lease a Bike,X,X,,,,,,,X,,X,X,,,,,X,,,0,"0,0",6,"OML, KBK, E3, DDV, RVV, AGR",Oneday,WT
OLIVEIRA Rui,3,UAE,UAE Team Emirates - XRG,X,X,,,X,,,,,X,,X,,X,,,,,,0,"0,0",6,"OML, KBK, NOK, IFF, RVV, PR",Hills,WT
GROENEWEGEN Dylan,4,UNI,Unibet Rose Rockets,,X,X,,,X,,X,,,,,X,,X,,,,,0,"0,0",6,"KBK, SAM, BKC, RVB, SP, RVL",Sprint,WT
BALLERINI Davide,4,AST,XDS Astana Team,X,,,,,,X,X,,X,,X,,X,,,,,,0,"0,0",6,"OML, MSR, RVB, IFF, RVV, PR",Oneday,WT
SENTJENS Sente,2,ALP,Alpecin-Premier Tech,,X,,,X,X,,,,,,,X,,X,,,,,0,"0,0",5,"KBK, NOK, BKC, SP, RVL",Sprint,WT
VALTER Attila,4,BAH,Bahrain - Victorious,X,X,,X,,,,,X,,,X,,,,,,,,0,"0,0",5,"OML, KBK, STR, E3, RVV",Climber,PT
ANIOŁKOWSKI Stanisław,3,COF,Cofidis,X,,X,,X,X,,X,,,,,,,,,,,,0,"0,0",5,"OML, SAM, NOK, BKC, RVB",Sprint,WT
LABROSSE Jordan,3,DEC,Decathlon CMA CGM Team,,,,X,,,X,,,,,,,,,,X,X,X,0,"0,0",5,"STR, MSR, AGR, WA P, LBL",Hills,PT
ASGREEN Kasper,4,EFE,EF Education - EasyPost,X,X,,,,,X,,X,,,,,X,,,,,,0,"0,0",5,"OML, KBK, MSR, E3, PR",TT,PT
HONORÉ Mikkel Frølich,3,EFE,EF Education - EasyPost,X,,,X,,,X,,,,,X,,,,,,,X,0,"0,0",5,"OML, STR, MSR, RVV, LBL",Oneday,PT
VALGREN Michael,3,EFE,EF Education - EasyPost,,,,,,,,,X,X,X,X,,X,,,,,,0,"0,0",5,"E3, IFF, DDV, RVV, PR",Oneday,PT
LAURANCE Axel,4,INE,INEOS Grenadiers,,,,X,,,X,,,,,,,,,,X,X,X,0,"0,0",5,"STR, MSR, AGR, WA P, LBL",Hills,PT
KRAGH ANDERSEN Søren,4,LIDL,Lidl - Trek,X,,,,,,X,,X,,X,,,X,,,,,,0,"0,0",5,"OML, MSR, E3, DDV, PR",TT,WT
DE SCHUYTENEER Steffen,3,LOT,Lotto Intermarché,,X,X,,X,X,,,,,,,X,,,,,,,0,"0,0",5,"KBK, SAM, NOK, BKC, SP",Sprint,WT
VAN POPPEL Danny,4,RBBH,Red Bull - BORA - hansgrohe,X,X,,,,,X,,,X,,,,,,,X,,,0,"0,0",5,"OML, KBK, MSR, IFF, AGR",Sprint,WT
TRATNIK Jan,4,RBBH,Red Bull - BORA - hansgrohe,,,,,,,,,X,,X,X,,,,,X,,X,0,"0,0",5,"E3, DDV, RVV, AGR, LBL",TT,PT
VAN DIJKE Mick,3,RBBH,Red Bull - BORA - hansgrohe,X,X,,,,,,,,,X,X,,X,,,,,,0,"0,0",5,"OML, KBK, DDV, RVV, PR",GC,CT
VAN DIJKE Tim,3,RBBH,Red Bull - BORA - hansgrohe,X,X,,,,,X,,,,,X,,X,,,,,,0,"0,0",5,"OML, KBK, MSR, RVV, PR",TT,PT
MAGNIER Paul,7,SQS,Soudal - Quick Step,X,X,,,,,X,,,,X,X,,,,,,,,0,"0,0",5,"OML, KBK, MSR, DDV, RVV",Oneday,WT
LAMPAERT Yves,3,SQS,Soudal - Quick Step,X,,,,,,,,,X,X,X,,X,,,,,,0,"0,0",5,"OML, IFF, DDV, RVV, PR",Oneday,WT
SCHMID Mauro,4,JAY,Team Jayco AlUla,,,,,,,X,,,,,X,,,,,X,X,X,0,"0,0",5,"MSR, RVV, AGR, WA P, LBL",Hills,WT
JAKOBSEN Fabio,4,PIC,Team Picnic PostNL,,,X,,X,X,,X,,,,,X,,,,,,,0,"0,0",5,"SAM, NOK, BKC, RVB, SP",Sprint,PT
VAN DEN BROEK Frank,3,PIC,Team Picnic PostNL,X,,,,,,,,,,X,X,,,,,X,X,,0,"0,0",5,"OML, DDV, RVV, AGR, WA P",GC,PT
JORGENSON Matteo,6,VLAB,Team Visma | Lease a Bike,,,,X,,,X,,,,,,,,,,X,X,X,0,"0,0",5,"STR, MSR, AGR, WA P, LBL",GC,WT
KÜNG Stefan,5,TUD,Tudor Pro Cycling Team,X,,,,,,,,X,,X,X,,X,,,,,,0,"0,0",5,"OML, E3, DDV, RVV, PR",TT,PT
ALAPHILIPPE Julian,4,TUD,Tudor Pro Cycling Team,,,,X,,,X,,,,,,,,,,X,X,X,0,"0,0",5,"STR, MSR, AGR, WA P, LBL",Oneday,WT
PLUIMERS Rick,4,TUD,Tudor Pro Cycling Team,X,X,,,,,,,X,,,X,,,,,X,,,0,"0,0",5,"OML, KBK, E3, RVV, AGR",Oneday,PT
POGAČAR Tadej,14,UAE,UAE Team Emirates - XRG,,,,X,,,X,,,,,X,,X,,,,,X,0,"0,0",5,"STR, MSR, RVV, PR, LBL",Climber,WT
NOVAK Domen,3,UAE,UAE Team Emirates - XRG,,,,X,,,X,,,,,,,,,,X,X,X,0,"0,0",5,"STR, MSR, AGR, WA P, LBL",GC,WT
VENTURINI Clément,3,UNI,Unibet Rose Rockets,,,,,X,,,,X,,,,,,,X,X,X,,0,"0,0",5,"NOK, E3, BR P, AGR, WA P",Oneday,WT
BUSATTO Francesco,3,ALP,Alpecin-Premier Tech,,,,X,,,,,,,,,,,,,X,X,X,0,"0,0",4,"STR, AGR, WA P, LBL",Oneday,WT
BILBAO Pello,4,BAH,Bahrain - Victorious,,,,X,,,,,,,,,,,,,X,X,X,0,"0,0",4,"STR, AGR, WA P, LBL",Climber,WT
SEGAERT Alec,4,BAH,Bahrain - Victorious,X,,,,,,,,,,X,X,,X,,,,,,0,"0,0",4,"OML, DDV, RVV, PR",TT,WT
MIQUEL Pau,3,BAH,Bahrain - Victorious,X,X,,,,,,,,,,X,,,,,X,,,0,"0,0",4,"OML, KBK, RVV, AGR",Hills,WT
LAPEIRA Paul,4,DEC,Decathlon CMA CGM Team,,,,X,,,,,,,,,,,,,X,X,X,0,"0,0",4,"STR, AGR, WA P, LBL",Oneday,WT
PARET-PEINTRE Aurélien,4,DEC,Decathlon CMA CGM Team,,,,,,,X,,,,,,,,,,X,X,X,0,"0,0",4,"MSR, AGR, WA P, LBL",GC,WT
HEALY Ben,7,EFE,EF Education - EasyPost,,,,X,,,,,,,,,,,,,X,X,X,0,"0,0",4,"STR, AGR, WA P, LBL",Oneday,WT
VAN EETVELT Lennert,5,LOT,Lotto Intermarché,,,,X,,,X,,,,,,,,,,,X,X,0,"0,0",4,"STR, MSR, WA P, LBL",Climber,PT
MENTEN Milan,4,LOT,Lotto Intermarché,,,X,,X,,,,,,,,,,X,X,,,,0,"0,0",4,"SAM, NOK, RVL, BR P",Oneday,WT
MERLIER Tim,8,SQS,Soudal - Quick Step,,,,,,,,X,,X,,,X,X,,,,,,0,"0,0",4,"RVB, IFF, SP, PR",Sprint,WT
COVI Alessandro,3,JAY,Team Jayco AlUla,,,,X,,,,,,,,,,,,,X,X,X,0,"0,0",4,"STR, AGR, WA P, LBL",Oneday,WT
BARGUIL Warren,3,PIC,Team Picnic PostNL,,,,X,,,,,,,,,,,,,X,X,X,0,"0,0",4,"STR, AGR, WA P, LBL",Climber,WT
TULETT Ben,4,VLAB,Team Visma | Lease a Bike,,,,X,,,,,,,,,,,,,X,X,X,0,"0,0",4,"STR, AGR, WA P, LBL",GC,WT
BARRÉ Louis,4,VLAB,Team Visma | Lease a Bike,,,,X,,,,,,,,,,,,,X,X,X,0,"0,0",4,"STR, AGR, WA P, LBL",Oneday,PT
FIORELLI Filippo,3,VLAB,Team Visma | Lease a Bike,,X,,X,,,,,,,,,,,,,X,,X,0,"0,0",4,"KBK, STR, AGR, LBL",Hills,WT
CHRISTEN Jan,5,UAE,UAE Team Emirates - XRG,,,,X,,,,,,,,,,,,X,X,X,,0,"0,0",4,"STR, BR P, AGR, WA P",Oneday,WT
COSNEFROY Benoît,5,UAE,UAE Team Emirates - XRG,,,,,,,,,,,,,,,,X,X,X,X,0,"0,0",4,"BR P, AGR, WA P, LBL",Oneday,WT
JOHANNESSEN Tobias Halland,5,UNOX,Uno-X Mobility,,,,X,,,,,,,,,,,,,X,X,X,0,"0,0",4,"STR, AGR, WA P, LBL",Climber,WT
CHAMPOUSSIN Clément,3,AST,XDS Astana Team,,,,X,,,,,,,,,,,,,X,X,X,0,"0,0",4,"STR, AGR, WA P, LBL",Climber,WT
ARANBURU Alex,4,COF,Cofidis,,,,,,,X,,,,,,,,,,X,X,,0,"0,0",3,"MSR, AGR, WA P",Oneday,PT
COQUARD Bryan,4,COF,Cofidis,,,,,,,X,,,,,,,,,X,X,,,0,"0,0",3,"MSR, BR P, AGR",Sprint,PT
IZAGIRRE Ion,3,COF,Cofidis,,,,,,,,,,,,,,,,,X,X,X,0,"0,0",3,"AGR, WA P, LBL",GC,PT
BIERMANS Jenthe,3,COF,Cofidis,X,,X,,X,,,,,,,,,,,,,,,0,"0,0",3,"OML, SAM, NOK",Oneday,WT
SEIXAS Paul,5,DEC,Decathlon CMA CGM Team,,,,X,,,,,,,,,,,,,,X,X,0,"0,0",3,"STR, WA P, LBL",Climber,WT
PEDERSEN Rasmus Søjberg,3,DEC,Decathlon CMA CGM Team,X,,,,,,,X,X,,,,,,,,,,,0,"0,0",3,"OML, RVB, E3",Sprint,WT
BAUDIN Alex,3,EFE,EF Education - EasyPost,,,,,,,,,,,,,,,,,X,X,X,0,"0,0",3,"AGR, WA P, LBL",GC,PT
COSTIOU Ewen,3,FDJ,Groupama - FDJ,,,,,,,,,,,,,,,,,X,X,X,0,"0,0",3,"AGR, WA P, LBL",GC,PT
HUENS Axel,3,FDJ,Groupama - FDJ,X,X,X,,,,,,,,,,,,,,,,,0,"0,0",3,"OML, KBK, SAM",Oneday,WT
LANGELLOTTI Victor,3,INE,INEOS Grenadiers,,,,,,,,,,,,,,,,,X,X,X,0,"0,0",3,"AGR, WA P, LBL",GC,WT
MILAN Jonathan,7,LIDL,Lidl - Trek,,,,,,,X,,,X,,,,X,,,,,,0,"0,0",3,"MSR, IFF, PR",Sprint,WT
SKJELMOSE Mattias,7,LIDL,Lidl - Trek,,,,,,,,,,,,,,,,,X,X,X,0,"0,0",3,"AGR, WA P, LBL",GC,WT
NYS Thibau,6,LIDL,Lidl - Trek,,,,,,,,,,,,,,,,,X,X,X,0,"0,0",3,"AGR, WA P, LBL",Hills,PT
CICCONE Giulio,5,LIDL,Lidl - Trek,,,,,,,,,,,,,,,,,X,X,X,0,"0,0",3,"AGR, WA P, LBL",Climber,WT
TEUTENBERG Tim Torn,3,LIDL,Lidl - Trek,X,,,,X,X,,,,,,,,,,,,,,0,"0,0",3,"OML, NOK, BKC",Sprint,WT
SUNEKÆR NORSGAARD Mathias,2,LIDL,Lidl - Trek,,X,,,,,,,X,,,,,X,,,,,,0,"0,0",3,"KBK, E3, PR",TT,WT
WIDAR Jarno,4,LOT,Lotto Intermarché,,,,X,,,,,,,,,,,,,,X,X,0,"0,0",3,"STR, WA P, LBL",Climber,WT
GIRMAY Biniam,5,NSN,NSN Cycling Team,X,X,,,,,,,,,X,,,,,,,,,0,"0,0",3,"OML, KBK, DDV",Oneday,WT
BLACKMORE Joseph,3,NSN,NSN Cycling Team,,,,,,,,,,,,,,,,,X,X,X,0,"0,0",3,"AGR, WA P, LBL",GC,PT
SCHULTZ Nick,3,NSN,NSN Cycling Team,,,,,,,,,,,,,,,,,X,X,X,0,"0,0",3,"AGR, WA P, LBL",Climber,WT
VAN GILS Maxim,6,RBBH,Red Bull - BORA - hansgrohe,,,,,,,,,,,,,,,,,X,X,X,0,"0,0",3,"AGR, WA P, LBL",Oneday,WT
EVENEPOEL Remco,12,RBBH,Red Bull - BORA - hansgrohe,,,,,,,,,,,,,,,,,X,X,X,0,"0,0",3,"AGR, WA P, LBL",TT,PT
VAN WILDER Ilan,4,SQS,Soudal - Quick Step,,,,,,,,,,,,,,,,,X,X,X,0,"0,0",3,"AGR, WA P, LBL",GC,PT
RACCAGNI NOVIERO Andrea,3,SQS,Soudal - Quick Step,,,,X,,,,,,,,,,,,,X,,X,0,"0,0",3,"STR, AGR, LBL",Hills,WT
HIRSCHI Marc,5,TUD,Tudor Pro Cycling Team,,,,,,,,,,,,,,,,,X,X,X,0,"0,0",3,"AGR, WA P, LBL",Oneday,WT
KOLZE CHANGIZI Sebastian,2,TUD,Tudor Pro Cycling Team,,,,,,,,X,,X,X,,,,,,,,,0,"0,0",3,"RVB, IFF, DDV",Sprint,WT
SIVAKOV Pavel,4,UAE,UAE Team Emirates - XRG,,,,,,,,,,,,,,,,,X,X,X,0,"0,0",3,"AGR, WA P, LBL",GC,WT
SCARONI Christian,5,AST,XDS Astana Team,,,,,,,,,,,,,,,,,X,X,X,0,"0,0",3,"AGR, WA P, LBL",Oneday,PT
BETTIOL Alberto,4,AST,XDS Astana Team,X,,,,,,X,,,,,X,,,,,,,,0,"0,0",3,"OML, MSR, RVV",Oneday,PT
ULISSI Diego,3,AST,XDS Astana Team,,,,,,,,,,,,,,,,,X,X,X,0,"0,0",3,"AGR, WA P, LBL",GC,WT
THIJSSEN Gerben,4,ALP,Alpecin-Premier Tech,,,,,X,X,,,,,,,,,,,,,,0,"0,0",2,"NOK, BKC",Sprint,WT
EULÁLIO Afonso,3,BAH,Bahrain - Victorious,,,,X,,,,,,,,,,,,,,,X,0,"0,0",2,"STR, LBL",Climber,PT
VAN MECHELEN Vlad,3,BAH,Bahrain - Victorious,X,,X,,,,,,,,,,,,,,,,,0,"0,0",2,"OML, SAM",Sprint,PT
ALLEGAERT Piet,3,COF,Cofidis,X,,X,,,,,,,,,,,,,,,,,0,"0,0",2,"OML, SAM",Oneday,PT
GERMANI Lorenzo,3,FDJ,Groupama - FDJ,,,,X,,,X,,,,,,,,,,,,,0,"0,0",2,"STR, MSR",GC,CT
BARTHE Cyril,3,FDJ,Groupama - FDJ,X,,X,,,,,,,,,,,,,,,,,0,"0,0",2,"OML, SAM",Hills,WT
GANNA Filippo,7,INE,INEOS Grenadiers,,,,,,,X,,,,,,,X,,,,,,0,"0,0",2,"MSR, PR",TT,PT
GODON Dorian,4,INE,INEOS Grenadiers,,,,,,,,,,,,,,,,,X,X,,0,"0,0",2,"AGR, WA P",Hills,PT
AYUSO Juan,7,LIDL,Lidl - Trek,,,,,,,,,,,,,,,,,,X,X,0,"0,0",2,"WA P, LBL",Climber,WT
SIMMONS Quinn,4,LIDL,Lidl - Trek,,,,X,,,,,,,,,,,,,X,,,0,"0,0",2,"STR, AGR",Hills,PT
SÖDERQVIST Jakob,3,LIDL,Lidl - Trek,X,,,,,,,,,,,,,X,,,,,,0,"0,0",2,"OML, PR",TT,WT
THEUNS Edward,3,LIDL,Lidl - Trek,X,X,,,,,,,,,,,,,,,,,,0,"0,0",2,"OML, KBK",Oneday,WT
MOLLEMA Bauke,3,LIDL,Lidl - Trek,,,,X,,,,,,,,,,,,,X,,,0,"0,0",2,"STR, AGR",Climber,WT
ZIMMERMANN Georg,3,LOT,Lotto Intermarché,,,,X,,,X,,,,,,,,,,,,,0,"0,0",2,"STR, MSR",Oneday,WT
VAN BOVEN Luca,3,LOT,Lotto Intermarché,X,,,,,,,,,,,,,,,,X,,,0,"0,0",2,"OML, AGR",Hills,PT
AERTS Toon,3,LOT,Lotto Intermarché,,,,,,,,,,,,X,,X,,,,,,0,"0,0",2,"RVV, PR",GC,WT
BEULLENS Cedric,3,LOT,Lotto Intermarché,X,,X,,,,,,,,,,,,,,,,,0,"0,0",2,"OML, SAM",Oneday,WT
DE BUYST Jasper,2,LOT,Lotto Intermarché,,X,X,,,,,,,,,,,,,,,,,0,"0,0",2,"KBK, SAM",Oneday,PT
GRIGNARD Sébastien,2,LOT,Lotto Intermarché,X,X,,,,,,,,,,,,,,,,,,0,"0,0",2,"OML, KBK",Oneday,PT
VAN SINTMAARTENSDIJK Roel,2,LOT,Lotto Intermarché,X,,X,,,,,,,,,,,,,,,,,0,"0,0",2,"OML, SAM",GC,PT
UIJTDEBROEKS Cian,5,MOV,Movistar Team,,,,,,,,,,,,,,,,,,X,X,0,"0,0",2,"WA P, LBL",GC,WT
GARCÍA CORTINA Iván,4,MOV,Movistar Team,X,,,,,,,,,,,,,X,,,,,,0,"0,0",2,"OML, PR",Oneday,PT
SHEEHAN Riley,3,NSN,NSN Cycling Team,X,,,,,,,,,,,X,,,,,,,,0,"0,0",2,"OML, RVV",Oneday,WT
LOUVEL Matis,3,NSN,NSN Cycling Team,X,,,,,,,,,,,,,X,,,,,,0,"0,0",2,"OML, PR",Oneday,WT
VAN ASBROECK Tom,3,NSN,NSN Cycling Team,X,,X,,,,,,,,,,,,,,,,,0,"0,0",2,"OML, SAM",Oneday,PT
VAN MOER Brent,3,Q36.5,Pinarello Q36.5 Pro Cycling Team,X,,,,,,,,,,X,,,,,,,,,0,"0,0",2,"OML, DDV",Oneday,PT
MARTÍNEZ Daniel Felipe,4,RBBH,Red Bull - BORA - hansgrohe,,,,,,,,,,,,,,,,,,X,X,0,"0,0",2,"WA P, LBL",GC,PT
ETXEBERRIA Haimar,3,RBBH,Red Bull - BORA - hansgrohe,,X,X,,,,,,,,,,,,,,,,,0,"0,0",2,"KBK, SAM",Oneday,WT
DRIZNERS Jarrad,2,RBBH,Red Bull - BORA - hansgrohe,X,,X,,,,,,,,,,,,,,,,,0,"0,0",2,"OML, SAM",GC,PT
LAMBRECHT Michiel,2,FLB,Team Flanders - Baloise,X,,X,,,,,,,,,,,,,,,,,0,"0,0",2,"OML, SAM",Sprint,WT
FOLDAGER Anders,3,JAY,Team Jayco AlUla,X,X,,,,,,,,,,,,,,,,,,0,"0,0",2,"OML, KBK",Hills,WT
DEGENKOLB John,3,PIC,Team Picnic PostNL,X,,,,,,,,,,,,,X,,,,,,0,"0,0",2,"OML, PR",Oneday,PT
FLYNN Sean,2,PIC,Team Picnic PostNL,X,,X,,,,,,,,,,,,,,,,,0,"0,0",2,"OML, SAM",GC,PT
RENARD-HAQUIN Henri-François,2,PIC,Team Picnic PostNL,X,,X,,,,,,,,,,,,,,,,,0,"0,0",2,"OML, SAM",Hills,PT
ROOSEN Timo,2,PIC,Team Picnic PostNL,X,,X,,,,,,,,,,,,,,,,,0,"0,0",2,"OML, SAM",Oneday,WT
BITTNER Pavel,4,PIC,Team Picnic PostNL,,X,,,,,,,,,,,,X,,,,,,0,"0,0",2,"KBK, PR",Sprint,PT
HAGENES Per Strand,3,VLAB,Team Visma | Lease a Bike,X,,X,,,,,,,,,,,,,,,,,0,"0,0",2,"OML, SAM",GC,WT
MATTIO Pietro,2,VLAB,Team Visma | Lease a Bike,,X,X,,,,,,,,,,,,,,,,,0,"0,0",2,"KBK, SAM",Hills,WT
TURGIS Anthony,4,TOT,TotalEnergies,X,,,,,,,,,,X,,,,,,,,,0,"0,0",2,"OML, DDV",Oneday,WT
DELETTRE Alexandre,3,TOT,TotalEnergies,,,,,,,,,,,,,,,,,,X,X,0,"0,0",2,"WA P, LBL",Oneday,PT
DUJARDIN Sandy,3,TOT,TotalEnergies,X,,X,,,,,,,,,,,,,,,,,0,"0,0",2,"OML, SAM",Oneday,WT
MANZIN Lorrenzo,3,TOT,TotalEnergies,X,,X,,,,,,,,,,,,,,,,,0,"0,0",2,"OML, SAM",Sprint,WT
LEROUX Samuel,2,TOT,TotalEnergies,X,,X,,,,,,,,,,,,,,,,,0,"0,0",2,"OML, SAM",GC,PT
VADIC Baptiste,2,TOT,TotalEnergies,X,,X,,,,,,,,,,,,,,,,,0,"0,0",2,"OML, SAM",TT,PT
TRENTIN Matteo,5,TUD,Tudor Pro Cycling Team,X,X,,,,,,,,,,,,,,,,,,0,"0,0",2,"OML, KBK",Oneday,WT
DEL TORO Isaac,7,UAE,UAE Team Emirates - XRG,,,,X,,,X,,,,,,,,,,,,,0,"0,0",2,"STR, MSR",Oneday,PT
MORGADO António,4,UAE,UAE Team Emirates - XRG,,,,,,,,,,,X,X,,,,,,,,0,"0,0",2,"DDV, RVV",Oneday,PT
LAFAY Victor,3,UNI,Unibet Rose Rockets,,,,X,,,,,,,,,,,,,,X,,0,"0,0",2,"STR, WA P",GC,PT
BLOEM Joren,2,UNI,Unibet Rose Rockets,X,,X,,,,,,,,,,,,,,,,,0,"0,0",2,"OML, SAM",Sprint,WT
FELDMANN Karsten Larsen,2,UNI,Unibet Rose Rockets,X,,X,,,,,,,,,,,,,,,,,0,"0,0",2,"OML, SAM",Hills,WT
KOPECKÝ Tomáš,2,UNI,Unibet Rose Rockets,X,,X,,,,,,,,,,,,,,,,,0,"0,0",2,"OML, SAM",TT,WT
RASENBERG Martijn,2,UNI,Unibet Rose Rockets,X,,X,,,,,,,,,,,,,,,,,0,"0,0",2,"OML, SAM",Sprint,WT
ABRAHAMSEN Jonas,4,UNOX,Uno-X Mobility,X,,,,,,X,,,,,,,,,,,,,0,"0,0",2,"OML, MSR",Oneday,PT
CORT Magnus,4,UNOX,Uno-X Mobility,,,,,,,X,,,,,,,,,,,,X,0,"0,0",2,"MSR, LBL",Hills,WT
GROVES Kaden,6,ALP,Alpecin-Premier Tech,X,,,,,,,,,,,,,,,,,,,0,"0,0",1,OML,Hills,PT
PLANCKAERT Edward,3,ALP,Alpecin-Premier Tech,X,,,,,,,,,,,,,,,,,,,0,"0,0",1,OML,Oneday,WT
RIESEBEEK Oscar,3,ALP,Alpecin-Premier Tech,X,,,,,,,,,,,,,,,,,,,0,"0,0",1,OML,Oneday,PT
BAYER Tobias,2,ALP,Alpecin-Premier Tech,X,,,,,,,,,,,,,,,,,,,0,"0,0",1,OML,Oneday,PT
BELMANS Lennert,2,ALP,Alpecin-Premier Tech,X,,,,,,,,,,,,,,,,,,,0,"0,0",1,OML,Sprint,PT
GEENS Jonas,2,ALP,Alpecin-Premier Tech,X,,,,,,,,,,,,,,,,,,,0,"0,0",1,OML,GC,PT
MARTINEZ Lenny,5,BAH,Bahrain - Victorious,,,,,,,,,,,,,,,,,,X,,0,"0,0",1,WA P,Climber,WT
CARUSO Damiano,4,BAH,Bahrain - Victorious,,,,,,,X,,,,,,,,,,,,,0,"0,0",1,MSR,GC,WT
BAUHAUS Phil,4,BAH,Bahrain - Victorious,,,X,,,,,,,,,,,,,,,,,0,"0,0",1,SAM,Sprint,WT
GOVEKAR Matevž,3,BAH,Bahrain - Victorious,,,X,,,,,,,,,,,,,,,,,0,"0,0",1,SAM,Hills,WT
STANNARD Robert,3,BAH,Bahrain - Victorious,,,X,,,,,,,,,,,,,,,,,0,"0,0",1,SAM,Hills,PT
BORGO Alessandro,2,BAH,Bahrain - Victorious,,,X,,,,,,,,,,,,,,,,,0,"0,0",1,SAM,Sprint,PT
BRUTTOMESSO Alberto,2,BAH,Bahrain - Victorious,,,X,,,,,,,,,,,,,,,,,0,"0,0",1,SAM,Sprint,PT
ERŽEN Žak,2,BAH,Bahrain - Victorious,,,X,,,,,,,,,,,,,,,,,0,"0,0",1,SAM,Sprint,WT
GRADEK Kamil,2,BAH,Bahrain - Victorious,X,,,,,,,,,,,,,,,,,,,0,"0,0",1,OML,TT,WT
MIHOLJEVIĆ Fran,2,BAH,Bahrain - Victorious,X,,,,,,,,,,,,,,,,,,,0,"0,0",1,OML,TT,WT
MARCELLUSI Martin,3,BAR,Bardiani CSF 7 Saber,,,,X,,,,,,,,,,,,,,,,0,"0,0",1,STR,Hills,PT
FAGÚNDEZ Eric Antonio,2,BUR,Burgos Burpellet BH,X,,,,,,,,,,,,,,,,,,,0,"0,0",1,OML,Oneday,WT
CAVIA Daniel,2,BUR,Burgos Burpellet BH,X,,,,,,,,,,,,,,,,,,,0,"0,0",1,OML,GC,WT
ALLENO Clément,2,BUR,Burgos Burpellet BH,X,,,,,,,,,,,,,,,,,,,0,"0,0",1,OML,Hills,WT
DE LA CALLE Hugo,2,BUR,Burgos Burpellet BH,X,,,,,,,,,,,,,,,,,,,0,"0,0",1,OML,GC,PT
ÁLVAREZ Rodrigo,2,BUR,Burgos Burpellet BH,X,,,,,,,,,,,,,,,,,,,0,"0,0",1,OML,Sprint,PT
KMÍNEK Vojtěch,2,BUR,Burgos Burpellet BH,X,,,,,,,,,,,,,,,,,,,0,"0,0",1,OML,Sprint,WT
MACÍAS César,2,BUR,Burgos Burpellet BH,X,,,,,,,,,,,,,,,,,,,0,"0,0",1,OML,Sprint,WT
THOMAS Benjamin,3,COF,Cofidis,,,,,,,X,,,,,,,,,,,,,0,"0,0",1,MSR,TT,PT
IZQUIERDO Clément,2,COF,Cofidis,,,,,,,X,,,,,,,,,,,,,0,"0,0",1,MSR,Hills,PT
MAAS Jan,2,COF,Cofidis,,,X,,,,,,,,,,,,,,,,,0,"0,0",1,SAM,GC,WT
ANDRESEN Tobias Lund,4,DEC,Decathlon CMA CGM Team,,,,,,,,,,,X,,,,,,,,,0,"0,0",1,DDV,Sprint,PT
BOL Cees,4,DEC,Decathlon CMA CGM Team,,X,,,,,,,,,,,,,,,,,,0,"0,0",1,KBK,Sprint,PT
PRODHOMME Nicolas,3,DEC,Decathlon CMA CGM Team,,,,X,,,,,,,,,,,,,,,,0,"0,0",1,STR,GC,PT
DEWULF Stan,3,DEC,Decathlon CMA CGM Team,X,,,,,,,,,,,,,,,,,,,0,"0,0",1,OML,Oneday,WT
GHYS Robbe,3,DEC,Decathlon CMA CGM Team,,X,,,,,,,,,,,,,,,,,,0,"0,0",1,KBK,Oneday,PT
MÜHLBERGER Gregor,2,DEC,Decathlon CMA CGM Team,,,,X,,,,,,,,,,,,,,,,0,"0,0",1,STR,Climber,WT
CHAMBERLAIN Oscar,2,DEC,Decathlon CMA CGM Team,X,,,,,,,,,,,,,,,,,,,0,"0,0",1,OML,TT,WT
DE PESTEL Sander,2,DEC,Decathlon CMA CGM Team,X,,,,,,,,,,,,,,,,,,,0,"0,0",1,OML,Oneday,WT
VAN DEN BERG Marijn,4,EFE,EF Education - EasyPost,X,,,,,,,,,,,,,,,,,,,0,"0,0",1,OML,Hills,PT
LAMPERTI Luke,4,EFE,EF Education - EasyPost,X,,,,,,,,,,,,,,,,,,,0,"0,0",1,OML,Sprint,WT
HOBBS Noah,3,EFE,EF Education - EasyPost,X,,,,,,,,,,,,,,,,,,,0,"0,0",1,OML,Sprint,WT
SIMMONS Colby,2,EFE,EF Education - EasyPost,X,,,,,,,,,,,,,,,,,,,0,"0,0",1,OML,Sprint,WT
PENHOËT Paul,4,FDJ,Groupama - FDJ,,,X,,,,,,,,,,,,,,,,,0,"0,0",1,SAM,Sprint,WT
RUSSO Clément,3,FDJ,Groupama - FDJ,X,,,,,,,,,,,,,,,,,,,0,"0,0",1,OML,Oneday,PT
JACOBS Johan,3,FDJ,Groupama - FDJ,X,,,,,,,,,,,,,,,,,,,0,"0,0",1,OML,Oneday,WT
ROLLAND Brieuc,2,FDJ,Groupama - FDJ,,,,,,,,,,,,,,,,,,,X,0,"0,0",1,LBL,Climber,WT
FONTAINE Titouan,2,FDJ,Groupama - FDJ,,,X,,,,,,,,,,,,,,,,,0,"0,0",1,SAM,TT,WT
MILAN Matteo,2,FDJ,Groupama - FDJ,,,X,,,,,,,,,,,,,,,,,0,"0,0",1,SAM,Sprint,WT
SHEFFIELD Magnus,5,INE,INEOS Grenadiers,X,,,,,,,,,,,,,,,,,,,0,"0,0",1,OML,TT,WT
BERNAL Egan,4,INE,INEOS Grenadiers,,,,X,,,,,,,,,,,,,,,,0,"0,0",1,STR,GC,WT
WATSON Samuel,4,INE,INEOS Grenadiers,X,,,,,,,,,,,,,,,,,,,0,"0,0",1,OML,Hills,PT
TURNER Ben,4,INE,INEOS Grenadiers,X,,,,,,,,,,,,,,,,,,,0,"0,0",1,OML,Hills,WT
KWIATKOWSKI Michał,4,INE,INEOS Grenadiers,X,,,,,,,,,,,,,,,,,,,0,"0,0",1,OML,Oneday,WT
SWIFT Ben,2,INE,INEOS Grenadiers,X,,,,,,,,,,,,,,,,,,,0,"0,0",1,OML,Oneday,WT
HEIDUK Kim,2,INE,INEOS Grenadiers,X,,,,,,,,,,,,,,,,,,,0,"0,0",1,OML,Hills,WT
SHMIDT Artem,2,INE,INEOS Grenadiers,X,,,,,,,,,,,,,,,,,,,0,"0,0",1,OML,Hills,PT
SKUJIŅŠ Toms,4,LIDL,Lidl - Trek,X,,,,,,,,,,,,,,,,,,,0,"0,0",1,OML,Oneday,PT
WITHEN PHILIPSEN Albert,3,LIDL,Lidl - Trek,,X,,,,,,,,,,,,,,,,,,0,"0,0",1,KBK,Oneday,WT
VERGAERDE Otto,2,LIDL,Lidl - Trek,X,,,,,,,,,,,,,,,,,,,0,"0,0",1,OML,Oneday,WT
BRAET Vito,3,LOT,Lotto Intermarché,,,X,,,,,,,,,,,,,,,,,0,"0,0",1,SAM,Oneday,PT
GUALDI Simone,2,LOT,Lotto Intermarché,,,,X,,,,,,,,,,,,,,,,0,"0,0",1,STR,Oneday,PT
PICKRELL Riley,3,MOD,Modern Adventure Pro Cycling,,,X,,,,,,,,,,,,,,,,,0,"0,0",1,SAM,Hills,PT
BOARDMAN Samuel,2,MOD,Modern Adventure Pro Cycling,,,X,,,,,,,,,,,,,,,,,0,"0,0",1,SAM,TT,WT
CHRISTIAN Sean,2,MOD,Modern Adventure Pro Cycling,,,X,,,,,,,,,,,,,,,,,0,"0,0",1,SAM,Sprint,PT
KESSLER Cole,2,MOD,Modern Adventure Pro Cycling,,,X,,,,,,,,,,,,,,,,,0,"0,0",1,SAM,Hills,WT
MCDONALD Brody,2,MOD,Modern Adventure Pro Cycling,,,X,,,,,,,,,,,,,,,,,0,"0,0",1,SAM,Sprint,WT
OLIVER Ben,2,MOD,Modern Adventure Pro Cycling,,,X,,,,,,,,,,,,,,,,,0,"0,0",1,SAM,Sprint,WT
STEWART Mark,2,MOD,Modern Adventure Pro Cycling,,,X,,,,,,,,,,,,,,,,,0,"0,0",1,SAM,GC,PT
ROMEO Iván,4,MOV,Movistar Team,,,,,,,X,,,,,,,,,,,,,0,"0,0",1,MSR,TT,WT
AULAR Orluis,4,MOV,Movistar Team,X,,,,,,,,,,,,,,,,,,,0,"0,0",1,OML,Hills,WT
CANAL Carlos,3,MOV,Movistar Team,X,,,,,,,,,,,,,,,,,,,0,"0,0",1,OML,Hills,PT
BARRENETXEA Jon,3,MOV,Movistar Team,X,,,,,,,,,,,,,,,,,,,0,"0,0",1,OML,Hills,PT
Maciejuk Filip,2,MOV,Movistar Team,X,,,,,,,,,,,,,,,,,,,0,"0,0",1,OML,,WT
MORO Manlio,2,MOV,Movistar Team,X,,,,,,,,,,,,,,,,,,,0,"0,0",1,OML,Oneday,WT
ASKEY Lewis,4,NSN,NSN Cycling Team,X,,,,,,,,,,,,,,,,,,,0,"0,0",1,OML,Oneday,CT
KOGUT Oded,3,NSN,NSN Cycling Team,,,X,,,,,,,,,,,,,,,,,0,"0,0",1,SAM,Sprint,WT
PINARELLO Alessandro,2,NSN,NSN Cycling Team,,,,X,,,,,,,,,,,,,,,,0,"0,0",1,STR,Oneday,PT
MARTÍ Pau,2,NSN,NSN Cycling Team,,,,X,,,,,,,,,,,,,,,,0,"0,0",1,STR,Climber,PT
BOIVIN Guillaume,2,NSN,NSN Cycling Team,X,,,,,,,,,,,,,,,,,,,0,"0,0",1,OML,Oneday,WT
MULLEN Ryan,2,NSN,NSN Cycling Team,X,,,,,,,,,,,,,,,,,,,0,"0,0",1,OML,TT,PT
TENE Rotem,2,NSN,NSN Cycling Team,,,X,,,,,,,,,,,,,,,,,0,"0,0",1,SAM,Sprint,WT
VAN TRICHT Floris,2,NSN,NSN Cycling Team,,,X,,,,,,,,,,,,,,,,,0,"0,0",1,SAM,Sprint,PT
WRIGHT Fred,4,Q36.5,Pinarello Q36.5 Pro Cycling Team,X,,,,,,,,,,,,,,,,,,,0,"0,0",1,OML,Hills,WT
MEURISSE Xandro,3,Q36.5,Pinarello Q36.5 Pro Cycling Team,X,,,,,,,,,,,,,,,,,,,0,"0,0",1,OML,GC,PT
DE GENDT Aimé,3,Q36.5,Pinarello Q36.5 Pro Cycling Team,X,,,,,,,,,,,,,,,,,,,0,"0,0",1,OML,Oneday,WT
FRISON Frederik,3,Q36.5,Pinarello Q36.5 Pro Cycling Team,X,,,,,,,,,,,,,,,,,,,0,"0,0",1,OML,Oneday,WT
ZUKOWSKY Nickolas,2,Q36.5,Pinarello Q36.5 Pro Cycling Team,X,,,,,,,,,,,,,,,,,,,0,"0,0",1,OML,Oneday,PT
PELLIZZARI Giulio,5,RBBH,Red Bull - BORA - hansgrohe,,,,X,,,,,,,,,,,,,,,,0,"0,0",1,STR,Climber,PT
PITHIE Laurence,4,RBBH,Red Bull - BORA - hansgrohe,X,,,,,,,,,,,,,,,,,,,0,"0,0",1,OML,Oneday,WT
BOICHIS Adrien,2,RBBH,Red Bull - BORA - hansgrohe,,,,X,,,,,,,,,,,,,,,,0,"0,0",1,STR,GC,PT
REX Laurenz,4,SQS,Soudal - Quick Step,X,,,,,,,,,,,,,,,,,,,0,"0,0",1,OML,Oneday,WT
PEDERSEN Casper,3,SQS,Soudal - Quick Step,X,,,,,,,,,,,,,,,,,,,0,"0,0",1,OML,Oneday,WT
VAN GESTEL Dries,3,SQS,Soudal - Quick Step,X,,,,,,,,,,,,,,,,,,,0,"0,0",1,OML,Oneday,WT
GELDERS Gil,2,SQS,Soudal - Quick Step,,,X,,,,,,,,,,,,,,,,,0,"0,0",1,SAM,GC,PT
SVRČEK Martin,2,SQS,Soudal - Quick Step,,,X,,,,,,,,,,,,,,,,,0,"0,0",1,SAM,Oneday,PT
VANGHELUWE Warre,2,SQS,Soudal - Quick Step,,,X,,,,,,,,,,,,,,,,,0,"0,0",1,SAM,Sprint,WT
DUPONT Timothy,3,TAR,Tarteletto - Isorex,,,X,,,,,,,,,,,,,,,,,0,"0,0",1,SAM,Sprint,PT
LAURYSSEN Yorben,2,TAR,Tarteletto - Isorex,,,X,,,,,,,,,,,,,,,,,0,"0,0",1,SAM,TT,PT
MOONEN Zeno,2,TAR,Tarteletto - Isorex,,,X,,,,,,,,,,,,,,,,,0,"0,0",1,SAM,Sprint,WT
SANTY Arne,2,TAR,Tarteletto - Isorex,,,X,,,,,,,,,,,,,,,,,0,"0,0",1,SAM,Sprint,WT
STERCK Joppe,2,TAR,Tarteletto - Isorex,,,X,,,,,,,,,,,,,,,,,0,"0,0",1,SAM,,PT
VAN PETEGEM Axandre,2,TAR,Tarteletto - Isorex,,,X,,,,,,,,,,,,,,,,,0,"0,0",1,SAM,TT,PT
VERMOOTE Jelle,2,TAR,Tarteletto - Isorex,,,X,,,,,,,,,,,,,,,,,0,"0,0",1,SAM,Sprint,WT
CRABBE Tom,3,FLB,Team Flanders - Baloise,,X,,,,,,,,,,,,,,,,,,0,"0,0",1,KBK,Sprint,WT
DEWEIRDT Siebe,2,FLB,Team Flanders - Baloise,X,,,,,,,,,,,,,,,,,,,0,"0,0",1,OML,Oneday,WT
LANHOVE Milan,2,FLB,Team Flanders - Baloise,X,,,,,,,,,,,,,,,,,,,0,"0,0",1,OML,GC,WT
MARIS Elias,2,FLB,Team Flanders - Baloise,X,,,,,,,,,,,,,,,,,,,0,"0,0",1,OML,Hills,WT
VAN HEMELEN Vincent,2,FLB,Team Flanders - Baloise,X,,,,,,,,,,,,,,,,,,,0,"0,0",1,OML,TT,WT
VANDENSTORME Dylan,2,FLB,Team Flanders - Baloise,X,,,,,,,,,,,,,,,,,,,0,"0,0",1,OML,Oneday,PT
VANHOOF Ward,2,FLB,Team Flanders - Baloise,X,,,,,,,,,,,,,,,,,,,0,"0,0",1,OML,Oneday,WT
CAPIOT Amaury,3,JAY,Team Jayco AlUla,X,,,,,,,,,,,,,,,,,,,0,"0,0",1,OML,Oneday,WT
CONCA Filippo,3,JAY,Team Jayco AlUla,,,,X,,,,,,,,,,,,,,,,0,"0,0",1,STR,Climber,PT
DONALDSON Robert,2,JAY,Team Jayco AlUla,X,,,,,,,,,,,,,,,,,,,0,"0,0",1,OML,Sprint,WT
DE POOTER Dries,2,JAY,Team Jayco AlUla,X,,,,,,,,,,,,,,,,,,,0,"0,0",1,OML,Hills,PT
HATHERLY Alan,2,JAY,Team Jayco AlUla,,,,X,,,,,,,,,,,,,,,,0,"0,0",1,STR,TT,WT
O'BRIEN Kelland,2,JAY,Team Jayco AlUla,X,,,,,,,,,,,,,,,,,,,0,"0,0",1,OML,TT,PT
BIESTERBOS Frits,2,PIC,Team Picnic PostNL,,,X,,,,,,,,,,,,,,,,,0,"0,0",1,SAM,TT,WT
CORKERY Dillon,2,PIC,Team Picnic PostNL,,,X,,,,,,,,,,,,,,,,,0,"0,0",1,SAM,Sprint,WT
DE JONG Timo,2,PIC,Team Picnic PostNL,X,,,,,,,,,,,,,,,,,,,0,"0,0",1,OML,Sprint,WT
GAFFURI Mattia,2,PIC,Team Picnic PostNL,,,,X,,,,,,,,,,,,,,,,0,"0,0",1,STR,GC,PT
VAN DEN BERG Julius,2,PIC,Team Picnic PostNL,X,,,,,,,,,,,,,,,,,,,0,"0,0",1,OML,Sprint,WT
BELLETTA Dario Igor,2,POL,Team Polti VisitMalta,,,,,,,X,,,,,,,,,,,,,0,"0,0",1,MSR,Hills,PT
AFFINI Edoardo,3,VLAB,Team Visma | Lease a Bike,X,,,,,,,,,,,,,,,,,,,0,"0,0",1,OML,TT,CT
BEHRENS Niklas,3,VLAB,Team Visma | Lease a Bike,,,X,,,,,,,,,,,,,,,,,0,"0,0",1,SAM,Sprint,WT
VAN BELLE Loe,2,VLAB,Team Visma | Lease a Bike,,,X,,,,,,,,,,,,,,,,,0,"0,0",1,SAM,TT,WT
TESSON Jason,3,TOT,TotalEnergies,,,X,,,,,,,,,,,,,,,,,0,"0,0",1,SAM,Sprint,WT
BRUNEL Alexys,3,TOT,TotalEnergies,X,,,,,,,,,,,,,,,,,,,0,"0,0",1,OML,TT,WT
GACHIGNARD Thomas,2,TOT,TotalEnergies,X,,,,,,,,,,,,,,,,,,,0,"0,0",1,OML,GC,WT
DAUPHIN Florian,2,TOT,TotalEnergies,,,X,,,,,,,,,,,,,,,,,0,"0,0",1,SAM,Sprint,PT
MARCEROU Nicola,2,TOT,TotalEnergies,,,X,,,,,,,,,,,,,,,,,0,"0,0",1,SAM,Hills,WT
MOZZATO Luca,4,TUD,Tudor Pro Cycling Team,X,,,,,,,,,,,,,,,,,,,0,"0,0",1,OML,Oneday,WT
HALLER Marco,3,TUD,Tudor Pro Cycling Team,X,,,,,,,,,,,,,,,,,,,0,"0,0",1,OML,Oneday,PT
ZIJLAARD Maikel,3,TUD,Tudor Pro Cycling Team,,X,,,,,,,,,,,,,,,,,,0,"0,0",1,KBK,TT,PT
KELEMEN Petr,2,TUD,Tudor Pro Cycling Team,X,,,,,,,,,,,,,,,,,,,0,"0,0",1,OML,TT,WT
MIKUTIS Aivaras,2,TUD,Tudor Pro Cycling Team,X,,,,,,,,,,,,,,,,,,,0,"0,0",1,OML,TT,PT
THALMANN Roland,2,TUD,Tudor Pro Cycling Team,,,,X,,,,,,,,,,,,,,,,0,"0,0",1,STR,GC,WT
POLITT Nils,4,UAE,UAE Team Emirates - XRG,X,,,,,,,,,,,,,,,,,,,0,"0,0",1,OML,Oneday,PT
BARONCINI Filippo,3,UAE,UAE Team Emirates - XRG,,,,,X,,,,,,,,,,,,,,,0,"0,0",1,NOK,Oneday,PT
BJERG Mikkel,3,UAE,UAE Team Emirates - XRG,X,,,,,,,,,,,,,,,,,,,0,"0,0",1,OML,TT,PT
HERREGODTS Rune,3,UAE,UAE Team Emirates - XRG,X,,,,,,,,,,,,,,,,,,,0,"0,0",1,OML,TT,PT
LARSEN Niklas,3,UNI,Unibet Rose Rockets,X,,,,,,,,,,,,,,,,,,,0,"0,0",1,OML,TT,WT
TOWNSEND Rory,3,UNI,Unibet Rose Rockets,,,X,,,,,,,,,,,,,,,,,0,"0,0",1,SAM,Oneday,WT
REINDERS Elmar,2,UNI,Unibet Rose Rockets,,,X,,,,,,,,,,,,,,,,,0,"0,0",1,SAM,Oneday,PT
JOHANNINK Jelle,2,UNI,Unibet Rose Rockets,,,X,,,,,,,,,,,,,,,,,0,"0,0",1,SAM,Oneday,WT
WÆRENSKJOLD Søren,5,UNOX,Uno-X Mobility,X,,,,,,,,,,,,,,,,,,,0,"0,0",1,OML,TT,PT
TILLER Rasmus,4,UNOX,Uno-X Mobility,X,,,,,,,,,,,,,,,,,,,0,"0,0",1,OML,Oneday,PT
HOELGAARD Markus,3,UNOX,Uno-X Mobility,X,,,,,,,,,,,,,,,,,,,0,"0,0",1,OML,Oneday,PT
BÉVORT Carl-Frederik,2,UNOX,Uno-X Mobility,X,,,,,,,,,,,,,,,,,,,0,"0,0",1,OML,TT,PT
BYSTRØM Sven Erik,2,UNOX,Uno-X Mobility,X,,,,,,,,,,,,,,,,,,,0,"0,0",1,OML,GC,CT
RESELL Erik Nordsæter,2,UNOX,Uno-X Mobility,X,,,,,,,,,,,,,,,,,,,0,"0,0",1,OML,Oneday,WT
KANTER Max,4,AST,XDS Astana Team,,X,,,,,,,,,,,,,,,,,,0,"0,0",1,KBK,Sprint,WT
FEDOROV Yevgeniy,3,AST,XDS Astana Team,X,,,,,,,,,,,,,,,,,,,0,"0,0",1,OML,Oneday,WT
ROMELE Alessandro,3,AST,XDS Astana Team,X,,,,,,,,,,,,,,,,,,,0,"0,0",1,OML,Hills,PT
GATE Aaron,2,AST,XDS Astana Team,X,,,,,,,,,,,,,,,,,,,0,"0,0",1,OML,GC,PT
VINOKUROV Nicolas,2,AST,XDS Astana Team,,,,,,,X,,,,,,,,,,,,,0,"0,0",1,MSR,GC,PT
TONEATTI Davide,2,AST,XDS Astana Team,,,,X,,,,,,,,,,,,,,,,0,"0,0",1,STR,GC,PT
VAN BEKKUM Darren,2,AST,XDS Astana Team,,,,,,,,,,,,,,,,,X,,,0,"0,0",1,AGR,GC,WT
VAN DER POEL Mathieu,14,ALP,Alpecin-Premier Tech,,,,,,,,,,,,,,,,,,,,0,"0,0",0,,Oneday,PT
DEL GROSSO Tibor,5,ALP,Alpecin-Premier Tech,,,,,,,,,,,,,,,,,,,,0,"0,0",0,,Hills,PT
DEHAIRS Simon,3,ALP,Alpecin-Premier Tech,,,,,,,,,,,,,,,,,,,,0,"0,0",0,,Sprint,WT
PLOWRIGHT Jensen,3,ALP,Alpecin-Premier Tech,,,,,,,,,,,,,,,,,,,,0,"0,0",0,,Sprint,WT
UHLIG Henri,3,ALP,Alpecin-Premier Tech,,,,,,,,,,,,,,,,,,,,0,"0,0",0,,Hills,WT
DEBRUYNE Ramses,3,ALP,Alpecin-Premier Tech,,,,,,,,,,,,,,,,,,,,0,"0,0",0,,Climber,WT
DILLIER Silvan,3,ALP,Alpecin-Premier Tech,,,,,,,,,,,,,,,,,,,,0,"0,0",0,,Oneday,PT
REMIJN Senna,3,ALP,Alpecin-Premier Tech,,,,,,,,,,,,,,,,,,,,0,"0,0",0,,Oneday,WT
RICKAERT Jonas,3,ALP,Alpecin-Premier Tech,,,,,,,,,,,,,,,,,,,,0,"0,0",0,,Oneday,PT
VERSTRYNGE Emiel,3,ALP,Alpecin-Premier Tech,,,,,,,,,,,,,,,,,,,,0,"0,0",0,,Climber,WT
GLIVAR Gal,2,ALP,Alpecin-Premier Tech,,,,,,,,,,,,,,,,,,,,0,"0,0",0,,Hills,WT
BALLERSTEDT Maurice,2,ALP,Alpecin-Premier Tech,,,,,,,,,,,,,,,,,,,,0,"0,0",0,,Oneday,WT
DE VYLDER Lindsay,2,ALP,Alpecin-Premier Tech,,,,,,,,,,,,,,,,,,,,0,"0,0",0,,Oneday,PT
DOCKX Aaron,2,ALP,Alpecin-Premier Tech,,,,,,,,,,,,,,,,,,,,0,"0,0",0,,Climber,PT
GOGL Michael,2,ALP,Alpecin-Premier Tech,,,,,,,,,,,,,,,,,,,,0,"0,0",0,,Oneday,WT
HOULE Hugo,2,ALP,Alpecin-Premier Tech,,,,,,,,,,,,,,,,,,,,0,"0,0",0,,GC,PT
MARSMAN Tim,2,ALP,Alpecin-Premier Tech,,,,,,,,,,,,,,,,,,,,0,"0,0",0,,Sprint,WT
PRICE-PEJTERSEN Johan,2,ALP,Alpecin-Premier Tech,,,,,,,,,,,,,,,,,,,,0,"0,0",0,,TT,WT
VERGALLITO Luca,2,ALP,Alpecin-Premier Tech,,,,,,,,,,,,,,,,,,,,0,"0,0",0,,GC,PT
TIBERI Antonio,5,BAH,Bahrain - Victorious,,,,,,,,,,,,,,,,,,,,0,"0,0",0,,GC,WT
BUITRAGO Santiago,5,BAH,Bahrain - Victorious,,,,,,,,,,,,,,,,,,,,0,"0,0",0,,Climber,WT
ZAMBANINI Edoardo,3,BAH,Bahrain - Victorious,,,,,,,,,,,,,,,,,,,,0,"0,0",0,,Hills,WT
OMRZEL Jakob,3,BAH,Bahrain - Victorious,,,,,,,,,,,,,,,,,,,,0,"0,0",0,,GC,PT
ARNDT Nikias,3,BAH,Bahrain - Victorious,,,,,,,,,,,,,,,,,,,,0,"0,0",0,,Hills,WT
ERMAKOV Roman,2,BAH,Bahrain - Victorious,,,,,,,,,,,,,,,,,,,,0,"0,0",0,,Oneday,WT
KEPPLINGER Rainer,2,BAH,Bahrain - Victorious,,,,,,,,,,,,,,,,,,,,0,"0,0",0,,GC,WT
PAASSCHENS Mathijs,2,BAH,Bahrain - Victorious,,,,,,,,,,,,,,,,,,,,0,"0,0",0,,Oneday,PT
SKERL Daniel,2,BAH,Bahrain - Victorious,,,,,,,,,,,,,,,,,,,,0,"0,0",0,,Sprint,WT
STOCKWELL Oliver,2,BAH,Bahrain - Victorious,,,,,,,,,,,,,,,,,,,,0,"0,0",0,,Hills,PT
VAN DER MEULEN Max,2,BAH,Bahrain - Victorious,,,,,,,,,,,,,,,,,,,,0,"0,0",0,,Hills,PT
ZANONCELLO Enrico,2,BAR,Bardiani CSF 7 Saber,,,,,,,,,,,,,,,,,,,,0,"0,0",0,,Sprint,PT
MAGLI Filippo,2,BAR,Bardiani CSF 7 Saber,,,,,,,,,,,,,,,,,,,,0,"0,0",0,,Hills,WT
TOLIO Alex,2,BAR,Bardiani CSF 7 Saber,,,,,,,,,,,,,,,,,,,,0,"0,0",0,,GC,PT
TSVETKOV Nikita,2,BAR,Bardiani CSF 7 Saber,,,,,,,,,,,,,,,,,,,,0,"0,0",0,,Sprint,PT
COLNAGHI Luca,2,BAR,Bardiani CSF 7 Saber,,,,,,,,,,,,,,,,,,,,0,"0,0",0,,Sprint,PT
Turconi Filippo,2,BAR,Bardiani CSF 7 Saber,,,,,,,,,,,,,,,,,,,,0,"0,0",0,,,PT
CETTOLIN Filippo,2,BAR,Bardiani CSF 7 Saber,,,,,,,,,,,,,,,,,,,,0,"0,0",0,,Sprint,PT
CONFORTI Lorenzo,2,BAR,Bardiani CSF 7 Saber,,,,,,,,,,,,,,,,,,,,0,"0,0",0,,Sprint,PT
COVILI Luca,2,BAR,Bardiani CSF 7 Saber,,,,,,,,,,,,,,,,,,,,0,"0,0",0,,GC,PT
CRUZ Edward,2,BAR,Bardiani CSF 7 Saber,,,,,,,,,,,,,,,,,,,,0,"0,0",0,,Hills,WT
FERRARO Santiago,2,BAR,Bardiani CSF 7 Saber,,,,,,,,,,,,,,,,,,,,0,"0,0",0,,Oneday,WT
HERREÑO Martin Santiago,2,BAR,Bardiani CSF 7 Saber,,,,,,,,,,,,,,,,,,,,0,"0,0",0,,GC,PT
MANENTI Marco,2,BAR,Bardiani CSF 7 Saber,,,,,,,,,,,,,,,,,,,,0,"0,0",0,,Hills,WT
MARTINELLI Alessio,2,BAR,Bardiani CSF 7 Saber,,,,,,,,,,,,,,,,,,,,0,"0,0",0,,Climber,WT
Montagner Andrea,2,BAR,Bardiani CSF 7 Saber,,,,,,,,,,,,,,,,,,,,0,"0,0",0,,,WT
PALETTI Luca,2,BAR,Bardiani CSF 7 Saber,,,,,,,,,,,,,,,,,,,,0,"0,0",0,,Oneday,WT
PINAZZI Mattia,2,BAR,Bardiani CSF 7 Saber,,,,,,,,,,,,,,,,,,,,0,"0,0",0,,Sprint,PT
ROJAS Vicente,2,BAR,Bardiani CSF 7 Saber,,,,,,,,,,,,,,,,,,,,0,"0,0",0,,Oneday,WT
ROSTOVTSEV Sergey,2,BAR,Bardiani CSF 7 Saber,,,,,,,,,,,,,,,,,,,,0,"0,0",0,,Sprint,WT
Stenico Mattia,2,BAR,Bardiani CSF 7 Saber,,,,,,,,,,,,,,,,,,,,0,"0,0",0,,,WT
TAROZZI Manuele,2,BAR,Bardiani CSF 7 Saber,,,,,,,,,,,,,,,,,,,,0,"0,0",0,,GC,PT
TURCONI Matteo,2,BAR,Bardiani CSF 7 Saber,,,,,,,,,,,,,,,,,,,,0,"0,0",0,,Oneday,PT
HERRADA Jesús,3,BUR,Burgos Burpellet BH,,,,,,,,,,,,,,,,,,,,0,"0,0",0,,GC,WT
QUARTUCCI Lorenzo,2,BUR,Burgos Burpellet BH,,,,,,,,,,,,,,,,,,,,0,"0,0",0,,GC,WT
DÍAZ José Manuel,2,BUR,Burgos Burpellet BH,,,,,,,,,,,,,,,,,,,,0,"0,0",0,,GC,PT
CHUMIL Sergio Geovani,2,BUR,Burgos Burpellet BH,,,,,,,,,,,,,,,,,,,,0,"0,0",0,,Climber,WT
KUDUS Merhawi,2,BUR,Burgos Burpellet BH,,,,,,,,,,,,,,,,,,,,0,"0,0",0,,GC,WT
MAYER Alexandre,2,BUR,Burgos Burpellet BH,,,,,,,,,,,,,,,,,,,,0,"0,0",0,,TT,CT
SAINBAYAR Jambaljamts,2,BUR,Burgos Burpellet BH,,,,,,,,,,,,,,,,,,,,0,"0,0",0,,Oneday,WT
APARICIO Mario,2,BUR,Burgos Burpellet BH,,,,,,,,,,,,,,,,,,,,0,"0,0",0,,GC,PT
BOUGLAS Georgios,2,BUR,Burgos Burpellet BH,,,,,,,,,,,,,,,,,,,,0,"0,0",0,,Sprint,PT
BURNETT Josh,2,BUR,Burgos Burpellet BH,,,,,,,,,,,,,,,,,,,,0,"0,0",0,,GC,PT
Fajardo Adrián,2,BUR,Burgos Burpellet BH,,,,,,,,,,,,,,,,,,,,0,"0,0",0,,Oneday,WT
FAURA José Luis,2,BUR,Burgos Burpellet BH,,,,,,,,,,,,,,,,,,,,0,"0,0",0,,GC,WT
FERNÁNDEZ Sinuhé,2,BUR,Burgos Burpellet BH,,,,,,,,,,,,,,,,,,,,0,"0,0",0,,GC,WT
GARCÍA PIERNA Carlos,2,BUR,Burgos Burpellet BH,,,,,,,,,,,,,,,,,,,,0,"0,0",0,,GC,PT
KOYAMA Tomoya,2,BUR,Burgos Burpellet BH,,,,,,,,,,,,,,,,,,,,0,"0,0",0,,Sprint,WT
OKAMIKA Ander,2,BUR,Burgos Burpellet BH,,,,,,,,,,,,,,,,,,,,0,"0,0",0,,GC,PT
REY Martín,2,BUR,Burgos Burpellet BH,,,,,,,,,,,,,,,,,,,,0,"0,0",0,,Hills,PT
GAVIRIA Fernando,4,CAJ,Caja Rural - Seguros RGA,,,,,,,,,,,,,,,,,,,,0,"0,0",0,,Climber,PT
BARCELÓ Fernando,3,CAJ,Caja Rural - Seguros RGA,,,,,,,,,,,,,,,,,,,,0,"0,0",0,,Climber,PT
PRADES Eduard,3,CAJ,Caja Rural - Seguros RGA,,,,,,,,,,,,,,,,,,,,0,"0,0",0,,Climber,WT
OLDANI Stefano,3,CAJ,Caja Rural - Seguros RGA,,,,,,,,,,,,,,,,,,,,0,"0,0",0,,Climber,WT
LEITÃO Iúri,3,CAJ,Caja Rural - Seguros RGA,,,,,,,,,,,,,,,,,,,,0,"0,0",0,,Climber,WT
BALDERSTONE Abel,2,CAJ,Caja Rural - Seguros RGA,,,,,,,,,,,,,,,,,,,,0,"0,0",0,,Climber,WT
MOLENAAR Alex,2,CAJ,Caja Rural - Seguros RGA,,,,,,,,,,,,,,,,,,,,0,"0,0",0,,Climber,WT
CASTELLON Jan,2,CAJ,Caja Rural - Seguros RGA,,,,,,,,,,,,,,,,,,,,0,"0,0",0,,Climber,WT
PARRA José Félix,2,CAJ,Caja Rural - Seguros RGA,,,,,,,,,,,,,,,,,,,,0,"0,0",0,,Climber,WT
NICOLAU Joel,2,CAJ,Caja Rural - Seguros RGA,,,,,,,,,,,,,,,,,,,,0,"0,0",0,,Climber,WT
GUARDEÑO Jaume,2,CAJ,Caja Rural - Seguros RGA,,,,,,,,,,,,,,,,,,,,0,"0,0",0,,Climber,PT
ARRIOLABENGOA Julen,2,CAJ,Caja Rural - Seguros RGA,,,,,,,,,,,,,,,,,,,,0,"0,0",0,,Climber,WT
BERWICK Sebastian,2,CAJ,Caja Rural - Seguros RGA,,,,,,,,,,,,,,,,,,,,0,"0,0",0,,Climber,WT
BOU Joan,2,CAJ,Caja Rural - Seguros RGA,,,,,,,,,,,,,,,,,,,,0,"0,0",0,,Climber,PT
CORRES Gorka,2,CAJ,Caja Rural - Seguros RGA,,,,,,,,,,,,,,,,,,,,0,"0,0",0,,Climber,WT
DARDER Sergi,2,CAJ,Caja Rural - Seguros RGA,,,,,,,,,,,,,,,,,,,,0,"0,0",0,,Climber,WT
DÍAZ Alex,2,CAJ,Caja Rural - Seguros RGA,,,,,,,,,,,,,,,,,,,,0,"0,0",0,,Climber,PT
FERNÁNDEZ Samuel,2,CAJ,Caja Rural - Seguros RGA,,,,,,,,,,,,,,,,,,,,0,"0,0",0,,Climber,WT
IBÁÑEZ Javier,2,CAJ,Caja Rural - Seguros RGA,,,,,,,,,,,,,,,,,,,,0,"0,0",0,,Climber,PT
Larronde Ellande,2,CAJ,Caja Rural - Seguros RGA,,,,,,,,,,,,,,,,,,,,0,"0,0",0,,Climber,WT
LÓPEZ Joseba,2,CAJ,Caja Rural - Seguros RGA,,,,,,,,,,,,,,,,,,,,0,"0,0",0,,Climber,WT
Lospitao Pablo,2,CAJ,Caja Rural - Seguros RGA,,,,,,,,,,,,,,,,,,,,0,"0,0",0,,Climber,PT
OTRUBA Jakub,2,CAJ,Caja Rural - Seguros RGA,,,,,,,,,,,,,,,,,,,,0,"0,0",0,,Climber,WT
PEÑUELA Francisco Joel,2,CAJ,Caja Rural - Seguros RGA,,,,,,,,,,,,,,,,,,,,0,"0,0",0,,Climber,PT
SORARRAIN Gorka,2,CAJ,Caja Rural - Seguros RGA,,,,,,,,,,,,,,,,,,,,0,"0,0",0,,Climber,WT
VILLAR Iker,2,CAJ,Caja Rural - Seguros RGA,,,,,,,,,,,,,,,,,,,,0,"0,0",0,,Climber,WT
BUCHMANN Emanuel,3,COF,Cofidis,,,,,,,,,,,,,,,,,,,,0,"0,0",0,,GC,WT
KNIGHT Oliver,3,COF,Cofidis,,,,,,,,,,,,,,,,,,,,0,"0,0",0,,TT,PT
MONIQUET Sylvain,2,COF,Cofidis,,,,,,,,,,,,,,,,,,,,0,"0,0",0,,GC,PT
MAISONOBE Sam,2,COF,Cofidis,,,,,,,,,,,,,,,,,,,,0,"0,0",0,,GC,WT
ROULAND Louis,2,COF,Cofidis,,,,,,,,,,,,,,,,,,,,0,"0,0",0,,GC,PT
CARR Simon,2,COF,Cofidis,,,,,,,,,,,,,,,,,,,,0,"0,0",0,,Climber,WT
CHARRET Camille,2,COF,Cofidis,,,,,,,,,,,,,,,,,,,,0,"0,0",0,,TT,PT
DEBEAUMARCHÉ Nicolas,2,COF,Cofidis,,,,,,,,,,,,,,,,,,,,0,"0,0",0,,Oneday,WT
FERRON Valentin,2,COF,Cofidis,,,,,,,,,,,,,,,,,,,,0,"0,0",0,,Oneday,PT
JOALLAND Yaël,2,COF,Cofidis,,,,,,,,,,,,,,,,,,,,0,"0,0",0,,Climber,WT
MEEHAN Jamie,2,COF,Cofidis,,,,,,,,,,,,,,,,,,,,0,"0,0",0,,Climber,PT
OURSELIN Paul,2,COF,Cofidis,,,,,,,,,,,,,,,,,,,,0,"0,0",0,,GC,PT
ROBEET Ludovic,2,COF,Cofidis,,,,,,,,,,,,,,,,,,,,0,"0,0",0,,Oneday,PT
SAMITIER Sergio,2,COF,Cofidis,,,,,,,,,,,,,,,,,,,,0,"0,0",0,,GC,WT
TOUZÉ Damien,2,COF,Cofidis,,,,,,,,,,,,,,,,,,,,0,"0,0",0,,Oneday,PT
ZAMPERINI Edoardo,2,COF,Cofidis,,,,,,,,,,,,,,,,,,,,0,"0,0",0,,Hills,WT
KOOIJ Olav,6,DEC,Decathlon CMA CGM Team,,,,,,,,,,,,,,,,,,,,0,"0,0",0,,Sprint,WT
GALL Felix,5,DEC,Decathlon CMA CGM Team,,,,,,,,,,,,,,,,,,,,0,"0,0",0,,Climber,PT
RICCITELLO Matthew,4,DEC,Decathlon CMA CGM Team,,,,,,,,,,,,,,,,,,,,0,"0,0",0,,Climber,PT
GAUTHERAT Pierre,3,DEC,Decathlon CMA CGM Team,,,,,,,,,,,,,,,,,,,,0,"0,0",0,,Oneday,PT
BISIAUX Léo,3,DEC,Decathlon CMA CGM Team,,,,,,,,,,,,,,,,,,,,0,"0,0",0,,GC,PT
STAUNE-MITTET Johannes,3,DEC,Decathlon CMA CGM Team,,,,,,,,,,,,,,,,,,,,0,"0,0",0,,GC,PT
GUDMESTAD Tord,3,DEC,Decathlon CMA CGM Team,,,,,,,,,,,,,,,,,,,,0,"0,0",0,,Sprint,WT
SCOTSON Callum,2,DEC,Decathlon CMA CGM Team,,,,,,,,,,,,,,,,,,,,0,"0,0",0,,GC,PT
ISIDORE Noa,2,DEC,Decathlon CMA CGM Team,,,,,,,,,,,,,,,,,,,,0,"0,0",0,,Sprint,WT
L'HOTE Antoine,2,DEC,Decathlon CMA CGM Team,,,,,,,,,,,,,,,,,,,,0,"0,0",0,,Sprint,WT
POLLEFLIET Gianluca,2,DEC,Decathlon CMA CGM Team,,,,,,,,,,,,,,,,,,,,0,"0,0",0,,Sprint,WT
CARAPAZ Richard,6,EFE,EF Education - EasyPost,,,,,,,,,,,,,,,,,,,,0,"0,0",0,,Climber,PT
MIHKELS Madis,4,EFE,EF Education - EasyPost,,,,,,,,,,,,,,,,,,,,0,"0,0",0,,Oneday,WT
SWEENY Harry,3,EFE,EF Education - EasyPost,,,,,,,,,,,,,,,,,,,,0,"0,0",0,,Hills,PT
RYAN Archie,3,EFE,EF Education - EasyPost,,,,,,,,,,,,,,,,,,,,0,"0,0",0,,Climber,WT
NERURKAR Lukas,3,EFE,EF Education - EasyPost,,,,,,,,,,,,,,,,,,,,0,"0,0",0,,Hills,WT
STEINHAUSER Georg,3,EFE,EF Education - EasyPost,,,,,,,,,,,,,,,,,,,,0,"0,0",0,,Climber,WT
CEPEDA Jefferson Alexander,3,EFE,EF Education - EasyPost,,,,,,,,,,,,,,,,,,,,0,"0,0",0,,GC,PT
BATTISTELLA Samuele,3,EFE,EF Education - EasyPost,,,,,,,,,,,,,,,,,,,,0,"0,0",0,,Hills,WT
QUINN Sean,3,EFE,EF Education - EasyPost,,,,,,,,,,,,,,,,,,,,0,"0,0",0,,GC,WT
SHAW James,2,EFE,EF Education - EasyPost,,,,,,,,,,,,,,,,,,,,0,"0,0",0,,GC,PT
LEONARD Michael,2,EFE,EF Education - EasyPost,,,,,,,,,,,,,,,,,,,,0,"0,0",0,,TT,PT
BELOKI Markel,2,EFE,EF Education - EasyPost,,,,,,,,,,,,,,,,,,,,0,"0,0",0,,GC,WT
MACKELLAR Alastair,2,EFE,EF Education - EasyPost,,,,,,,,,,,,,,,,,,,,0,"0,0",0,,TT,PT
RAFFERTY Darren,2,EFE,EF Education - EasyPost,,,,,,,,,,,,,,,,,,,,0,"0,0",0,,TT,WT
SCHWARZBACHER Matthias,2,EFE,EF Education - EasyPost,,,,,,,,,,,,,,,,,,,,0,"0,0",0,,TT,PT
VAN DER LEE Jardi Christiaan,2,EFE,EF Education - EasyPost,,,,,,,,,,,,,,,,,,,,0,"0,0",0,,GC,WT
WALKER Max,2,EFE,EF Education - EasyPost,,,,,,,,,,,,,,,,,,,,0,"0,0",0,,TT,WT
SOSA Iván Ramiro,3,KER,Equipo Kern Pharma,,,,,,,,,,,,,,,,,,,,0,"0,0",0,,GC,WT
COBO Iván,2,KER,Equipo Kern Pharma,,,,,,,,,,,,,,,,,,,,0,"0,0",0,,Hills,WT
BERRADE Urko,2,KER,Equipo Kern Pharma,,,,,,,,,,,,,,,,,,,,0,"0,0",0,,GC,PT
IRIBAR Unai,2,KER,Equipo Kern Pharma,,,,,,,,,,,,,,,,,,,,0,"0,0",0,,GC,PT
RUIZ Ibon,2,KER,Equipo Kern Pharma,,,,,,,,,,,,,,,,,,,,0,"0,0",0,,GC,WT
AZANZA Ibai,2,KER,Equipo Kern Pharma,,,,,,,,,,,,,,,,,,,,0,"0,0",0,,GC,PT
AZNAR Hugo,2,KER,Equipo Kern Pharma,,,,,,,,,,,,,,,,,,,,0,"0,0",0,,Hills,PT
BRUSTENGA Marc,2,KER,Equipo Kern Pharma,,,,,,,,,,,,,,,,,,,,0,"0,0",0,,Sprint,PT
CARRASCOSA Pablo,2,KER,Equipo Kern Pharma,,,,,,,,,,,,,,,,,,,,0,"0,0",0,,Climber,WT
ELOSEGUI Iñigo,2,KER,Equipo Kern Pharma,,,,,,,,,,,,,,,,,,,,0,"0,0",0,,GC,PT
GIMENO Nil,2,KER,Equipo Kern Pharma,,,,,,,,,,,,,,,,,,,,0,"0,0",0,,Hills,PT
Gomez Iker,2,KER,Equipo Kern Pharma,,,,,,,,,,,,,,,,,,,,0,"0,0",0,,,WT
GUTIÉRREZ Jorge,2,KER,Equipo Kern Pharma,,,,,,,,,,,,,,,,,,,,0,"0,0",0,,GC,PT
HO Yen Yi,2,KER,Equipo Kern Pharma,,,,,,,,,,,,,,,,,,,,0,"0,0",0,,TT,PT
MARTÍN José María,2,KER,Equipo Kern Pharma,,,,,,,,,,,,,,,,,,,,0,"0,0",0,,Hills,WT
PÉREZ César,2,KER,Equipo Kern Pharma,,,,,,,,,,,,,,,,,,,,0,"0,0",0,,Climber,WT
Ramos Unai,2,KER,Equipo Kern Pharma,,,,,,,,,,,,,,,,,,,,0,"0,0",0,,,WT
RETEGI Mikel,2,KER,Equipo Kern Pharma,,,,,,,,,,,,,,,,,,,,0,"0,0",0,,Hills,WT
SOTO Antonio Jesús,2,KER,Equipo Kern Pharma,,,,,,,,,,,,,,,,,,,,0,"0,0",0,,Hills,WT
URIARTE Diego,2,KER,Equipo Kern Pharma,,,,,,,,,,,,,,,,,,,,0,"0,0",0,,Sprint,PT
WENZEL Mats,2,KER,Equipo Kern Pharma,,,,,,,,,,,,,,,,,,,,0,"0,0",0,,GC,WT
BERASATEGI Xabier,2,EUS,Euskaltel - Euskadi,,,,,,,,,,,,,,,,,,,,0,"0,0",0,,Hills,WT
AGIRRE Jon,2,EUS,Euskaltel - Euskadi,,,,,,,,,,,,,,,,,,,,0,"0,0",0,,GC,PT
VAN DER TUUK Axel,2,EUS,Euskaltel - Euskadi,,,,,,,,,,,,,,,,,,,,0,"0,0",0,,Hills,PT
JUARISTI Txomin,2,EUS,Euskaltel - Euskadi,,,,,,,,,,,,,,,,,,,,0,"0,0",0,,Hills,PT
AGUIRRE Yago,2,EUS,Euskaltel - Euskadi,,,,,,,,,,,,,,,,,,,,0,"0,0",0,,Sprint,WT
ALUSTIZA Nicolás,2,EUS,Euskaltel - Euskadi,,,,,,,,,,,,,,,,,,,,0,"0,0",0,,Hills,WT
AZNAR Unai,2,EUS,Euskaltel - Euskadi,,,,,,,,,,,,,,,,,,,,0,"0,0",0,,TT,WT
BIZKARRA Mikel,2,EUS,Euskaltel - Euskadi,,,,,,,,,,,,,,,,,,,,0,"0,0",0,,Hills,WT
Fernandez Heres Samuel,2,EUS,Euskaltel - Euskadi,,,,,,,,,,,,,,,,,,,,0,"0,0",0,,Hills,WT
GANZABAL Ander,2,EUS,Euskaltel - Euskadi,,,,,,,,,,,,,,,,,,,,0,"0,0",0,,Hills,PT
HENNEQUIN Paul,2,EUS,Euskaltel - Euskadi,,,,,,,,,,,,,,,,,,,,0,"0,0",0,,Hills,PT
ISASA Xabier,2,EUS,Euskaltel - Euskadi,,,,,,,,,,,,,,,,,,,,0,"0,0",0,,Hills,PT
LASTRA Jonathan,2,EUS,Euskaltel - Euskadi,,,,,,,,,,,,,,,,,,,,0,"0,0",0,,Hills,WT
LÓPEZ Jordi,2,EUS,Euskaltel - Euskadi,,,,,,,,,,,,,,,,,,,,0,"0,0",0,,Hills,PT
MARTÍN Gotzon,2,EUS,Euskaltel - Euskadi,,,,,,,,,,,,,,,,,,,,0,"0,0",0,,Hills,WT
MINTEGI Iker,2,EUS,Euskaltel - Euskadi,,,,,,,,,,,,,,,,,,,,0,"0,0",0,,Hills,WT
MURGUIALDAY Jokin,2,EUS,Euskaltel - Euskadi,,,,,,,,,,,,,,,,,,,,0,"0,0",0,,Hills,PT
SUTTON Louis,2,EUS,Euskaltel - Euskadi,,,,,,,,,,,,,,,,,,,,0,"0,0",0,,Hills,PT
Ugarte Gari,2,EUS,Euskaltel - Euskadi,,,,,,,,,,,,,,,,,,,,0,"0,0",0,,Hills,WT
VAN DER TUUK Danny,2,EUS,Euskaltel - Euskadi,,,,,,,,,,,,,,,,,,,,0,"0,0",0,,Hills,WT
MARTIN Guillaume,4,FDJ,Groupama - FDJ,,,,,,,,,,,,,,,,,,,,0,"0,0",0,,Climber,PT
GAUDU David,4,FDJ,Groupama - FDJ,,,,,,,,,,,,,,,,,,,,0,"0,0",0,,Climber,PT
BERTHET Clément,3,FDJ,Groupama - FDJ,,,,,,,,,,,,,,,,,,,,0,"0,0",0,,Climber,WT
MOLARD Rudy,3,FDJ,Groupama - FDJ,,,,,,,,,,,,,,,,,,,,0,"0,0",0,,Climber,PT
ROCHAS Rémy,3,FDJ,Groupama - FDJ,,,,,,,,,,,,,,,,,,,,0,"0,0",0,,GC,WT
CAVAGNA Rémi,3,FDJ,Groupama - FDJ,,,,,,,,,,,,,,,,,,,,0,"0,0",0,,TT,PT
PACHER Quentin,3,FDJ,Groupama - FDJ,,,,,,,,,,,,,,,,,,,,0,"0,0",0,,Hills,WT
DECOMBLE Maxime,2,FDJ,Groupama - FDJ,,,,,,,,,,,,,,,,,,,,0,"0,0",0,,TT,WT
BRAZ AFONSO Clément,2,FDJ,Groupama - FDJ,,,,,,,,,,,,,,,,,,,,0,"0,0",0,,Oneday,PT
GENIETS Kevin,2,FDJ,Groupama - FDJ,,,,,,,,,,,,,,,,,,,,0,"0,0",0,,Oneday,PT
BOWER Lewis,2,FDJ,Groupama - FDJ,,,,,,,,,,,,,,,,,,,,0,"0,0",0,,Sprint,WT
DONNENWIRTH Tom,2,FDJ,Groupama - FDJ,,,,,,,,,,,,,,,,,,,,0,"0,0",0,,GC,WT
KENCH Josh,2,FDJ,Groupama - FDJ,,,,,,,,,,,,,,,,,,,,0,"0,0",0,,GC,WT
LE GAC Olivier,2,FDJ,Groupama - FDJ,,,,,,,,,,,,,,,,,,,,0,"0,0",0,,Oneday,PT
PALENI Enzo,2,FDJ,Groupama - FDJ,,,,,,,,,,,,,,,,,,,,0,"0,0",0,,GC,WT
ONLEY Oscar,5,INE,INEOS Grenadiers,,,,,,,,,,,,,,,,,,,,0,"0,0",0,,GC,WT
VAUQUELIN Kévin,5,INE,INEOS Grenadiers,,,,,,,,,,,,,,,,,,,,0,"0,0",0,,GC,PT
ARENSMAN Thymen,4,INE,INEOS Grenadiers,,,,,,,,,,,,,,,,,,,,0,"0,0",0,,GC,PT
TARLING Joshua,4,INE,INEOS Grenadiers,,,,,,,,,,,,,,,,,,,,0,"0,0",0,,TT,PT
RODRÍGUEZ Carlos,4,INE,INEOS Grenadiers,,,,,,,,,,,,,,,,,,,,0,"0,0",0,,Climber,WT
WELSFORD Sam,4,INE,INEOS Grenadiers,,,,,,,,,,,,,,,,,,,,0,"0,0",0,,Sprint,PT
SVESTAD-BÅRDSENG Embret,3,INE,INEOS Grenadiers,,,,,,,,,,,,,,,,,,,,0,"0,0",0,,GC,WT
DE PLUS Laurens,3,INE,INEOS Grenadiers,,,,,,,,,,,,,,,,,,,,0,"0,0",0,,GC,WT
FOSS Tobias,3,INE,INEOS Grenadiers,,,,,,,,,,,,,,,,,,,,0,"0,0",0,,TT,PT
RIVERA Brandon Smith,3,INE,INEOS Grenadiers,,,,,,,,,,,,,,,,,,,,0,"0,0",0,,GC,WT
JUNGELS Bob,3,INE,INEOS Grenadiers,,,,,,,,,,,,,,,,,,,,0,"0,0",0,,TT,PT
HAIG Jack,3,INE,INEOS Grenadiers,,,,,,,,,,,,,,,,,,,,0,"0,0",0,,GC,PT
SWIFT Connor,3,INE,INEOS Grenadiers,,,,,,,,,,,,,,,,,,,,0,"0,0",0,,Oneday,WT
AUGUST Andrew,2,INE,INEOS Grenadiers,,,,,,,,,,,,,,,,,,,,0,"0,0",0,,GC,PT
HAMILTON Lucas,2,INE,INEOS Grenadiers,,,,,,,,,,,,,,,,,,,,0,"0,0",0,,GC,PT
ØXENBERG Peter,2,INE,INEOS Grenadiers,,,,,,,,,,,,,,,,,,,,0,"0,0",0,,Climber,WT
RODRÍGUEZ Óscar,2,INE,INEOS Grenadiers,,,,,,,,,,,,,,,,,,,,0,"0,0",0,,GC,WT
GEE-WEST Derek,5,LIDL,Lidl - Trek,,,,,,,,,,,,,,,,,,,,0,"0,0",0,,Climber,WT
GEOGHEGAN HART Tao,4,LIDL,Lidl - Trek,,,,,,,,,,,,,,,,,,,,0,"0,0",0,,GC,PT
BAGIOLI Andrea,3,LIDL,Lidl - Trek,,,,,,,,,,,,,,,,,,,,0,"0,0",0,,Oneday,WT
SOBRERO Matteo,3,LIDL,Lidl - Trek,,,,,,,,,,,,,,,,,,,,0,"0,0",0,,TT,WT
VERONA Carlos,3,LIDL,Lidl - Trek,,,,,,,,,,,,,,,,,,,,0,"0,0",0,,GC,WT
KÄMNA Lennard,3,LIDL,Lidl - Trek,,,,,,,,,,,,,,,,,,,,0,"0,0",0,,Climber,WT
KONRAD Patrick,3,LIDL,Lidl - Trek,,,,,,,,,,,,,,,,,,,,0,"0,0",0,,Climber,WT
CONSONNI Simone,3,LIDL,Lidl - Trek,,,,,,,,,,,,,,,,,,,,0,"0,0",0,,Oneday,PT
WALSCHEID Max,3,LIDL,Lidl - Trek,,,,,,,,,,,,,,,,,,,,0,"0,0",0,,Sprint,PT
BERNARD Julien,2,LIDL,Lidl - Trek,,,,,,,,,,,,,,,,,,,,0,"0,0",0,,GC,WT
GHEBREIGZABHIER Amanuel,2,LIDL,Lidl - Trek,,,,,,,,,,,,,,,,,,,,0,"0,0",0,,GC,PT
MOSCA Jacopo,2,LIDL,Lidl - Trek,,,,,,,,,,,,,,,,,,,,0,"0,0",0,,Hills,PT
OOMEN Sam,2,LIDL,Lidl - Trek,,,,,,,,,,,,,,,,,,,,0,"0,0",0,,GC,WT
RUTSCH Jonas,3,LOT,Lotto Intermarché,,,,,,,,,,,,,,,,,,,,0,"0,0",0,,Oneday,WT
ROTA Lorenzo,3,LOT,Lotto Intermarché,,,,,,,,,,,,,,,,,,,,0,"0,0",0,,Oneday,WT
TAMINIAUX Lionel,3,LOT,Lotto Intermarché,,,,,,,,,,,,,,,,,,,,0,"0,0",0,,Oneday,PT
VAN DER HOORN Taco,3,LOT,Lotto Intermarché,,,,,,,,,,,,,,,,,,,,0,"0,0",0,,Oneday,WT
CRAPS Lars,2,LOT,Lotto Intermarché,,,,,,,,,,,,,,,,,,,,0,"0,0",0,,GC,WT
FOX Matthew,2,LOT,Lotto Intermarché,,,,,,,,,,,,,,,,,,,,0,"0,0",0,,Sprint,WT
GIDDINGS Joshua,2,LOT,Lotto Intermarché,,,,,,,,,,,,,,,,,,,,0,"0,0",0,,Sprint,WT
GRISEL Matys,2,LOT,Lotto Intermarché,,,,,,,,,,,,,,,,,,,,0,"0,0",0,,Sprint,WT
KOCKELMANN Mathieu,2,LOT,Lotto Intermarché,,,,,,,,,,,,,,,,,,,,0,"0,0",0,,Hills,WT
ORINS Robin,2,LOT,Lotto Intermarché,,,,,,,,,,,,,,,,,,,,0,"0,0",0,,Sprint,PT
ØRN-KRISTOFF Felix,2,LOT,Lotto Intermarché,,,,,,,,,,,,,,,,,,,,0,"0,0",0,,GC,WT
SLOCK Liam,2,LOT,Lotto Intermarché,,,,,,,,,,,,,,,,,,,,0,"0,0",0,,GC,WT
THOMPSON Reuben,2,LOT,Lotto Intermarché,,,,,,,,,,,,,,,,,,,,0,"0,0",0,,GC,WT
VEISTROFFER Baptiste,2,LOT,Lotto Intermarché,,,,,,,,,,,,,,,,,,,,0,"0,0",0,,TT,WT
FANCELLU Alessandro,2,MBH,MBH Bank CSB Telecom Fort,,,,,,,,,,,,,,,,,,,,0,"0,0",0,,GC,WT
BUDZIŃSKI Marcin,2,MBH,MBH Bank CSB Telecom Fort,,,,,,,,,,,,,,,,,,,,0,"0,0",0,,Hills,PT
AMBROSINI Matteo,2,MBH,MBH Bank CSB Telecom Fort,,,,,,,,,,,,,,,,,,,,0,"0,0",0,,Hills,PT
BAGATIN Christian,2,MBH,MBH Bank CSB Telecom Fort,,,,,,,,,,,,,,,,,,,,0,"0,0",0,,Hills,WT
BRACALENTE Diego,2,MBH,MBH Bank CSB Telecom Fort,,,,,,,,,,,,,,,,,,,,0,"0,0",0,,Hills,WT
BURATTI Nicolò,2,MBH,MBH Bank CSB Telecom Fort,,,,,,,,,,,,,,,,,,,,0,"0,0",0,,Hills,CT
CHESINI Cesare,2,MBH,MBH Bank CSB Telecom Fort,,,,,,,,,,,,,,,,,,,,0,"0,0",0,,Hills,WT
CIPOLLINI Edoardo,2,MBH,MBH Bank CSB Telecom Fort,,,,,,,,,,,,,,,,,,,,0,"0,0",0,,Hills,PT
CRETTI Luca,2,MBH,MBH Bank CSB Telecom Fort,,,,,,,,,,,,,,,,,,,,0,"0,0",0,,Hills,WT
DINA Márton,2,MBH,MBH Bank CSB Telecom Fort,,,,,,,,,,,,,,,,,,,,0,"0,0",0,,GC,PT
GRUSZCZYNSKI Filip,2,MBH,MBH Bank CSB Telecom Fort,,,,,,,,,,,,,,,,,,,,0,"0,0",0,,Climber,WT
MAKRAI Bálint,2,MBH,MBH Bank CSB Telecom Fort,,,,,,,,,,,,,,,,,,,,0,"0,0",0,,Oneday,WT
MASCIARELLI Lorenzo,2,MBH,MBH Bank CSB Telecom Fort,,,,,,,,,,,,,,,,,,,,0,"0,0",0,,Sprint,PT
MASNADA Fausto,2,MBH,MBH Bank CSB Telecom Fort,,,,,,,,,,,,,,,,,,,,0,"0,0",0,,GC,PT
NESPOLI Lorenzo,2,MBH,MBH Bank CSB Telecom Fort,,,,,,,,,,,,,,,,,,,,0,"0,0",0,,Hills,PT
PEÁK Barnabás,2,MBH,MBH Bank CSB Telecom Fort,,,,,,,,,,,,,,,,,,,,0,"0,0",0,,TT,WT
PERSICO Davide,2,MBH,MBH Bank CSB Telecom Fort,,,,,,,,,,,,,,,,,,,,0,"0,0",0,,Sprint,PT
TAKÁCS Zsombor Tamás,2,MBH,MBH Bank CSB Telecom Fort,,,,,,,,,,,,,,,,,,,,0,"0,0",0,,Sprint,WT
VALENT Márk,2,MBH,MBH Bank CSB Telecom Fort,,,,,,,,,,,,,,,,,,,,0,"0,0",0,,Oneday,WT
VERRE Alessandro,2,MBH,MBH Bank CSB Telecom Fort,,,,,,,,,,,,,,,,,,,,0,"0,0",0,,Climber,PT
ZOCCARATO Samuele,2,MBH,MBH Bank CSB Telecom Fort,,,,,,,,,,,,,,,,,,,,0,"0,0",0,,Oneday,WT
DE BOD Stefan,2,MOD,Modern Adventure Pro Cycling,,,,,,,,,,,,,,,,,,,,0,"0,0",0,,TT,WT
MUNTON Byron,2,MOD,Modern Adventure Pro Cycling,,,,,,,,,,,,,,,,,,,,0,"0,0",0,,TT,WT
CARPENTER Robin,2,MOD,Modern Adventure Pro Cycling,,,,,,,,,,,,,,,,,,,,0,"0,0",0,,Oneday,PT
Caudell Ezra,2,MOD,Modern Adventure Pro Cycling,,,,,,,,,,,,,,,,,,,,0,"0,0",0,,,WT
FLÓREZ Samuel,2,MOD,Modern Adventure Pro Cycling,,,,,,,,,,,,,,,,,,,,0,"0,0",0,,TT,WT
HAUG Kieran,2,MOD,Modern Adventure Pro Cycling,,,,,,,,,,,,,,,,,,,,0,"0,0",0,,Hills,WT
HAYTER Leo,2,MOD,Modern Adventure Pro Cycling,,,,,,,,,,,,,,,,,,,,0,"0,0",0,,GC,WT
Lasker Harry,2,MOD,Modern Adventure Pro Cycling,,,,,,,,,,,,,,,,,,,,0,"0,0",0,,,WT
LÓPEZ Ian,2,MOD,Modern Adventure Pro Cycling,,,,,,,,,,,,,,,,,,,,0,"0,0",0,,Climber,PT
MCGILL Scott,2,MOD,Modern Adventure Pro Cycling,,,,,,,,,,,,,,,,,,,,0,"0,0",0,,Hills,PT
SCALA Hugo,2,MOD,Modern Adventure Pro Cycling,,,,,,,,,,,,,,,,,,,,0,"0,0",0,,TT,WT
STITES Tyler,2,MOD,Modern Adventure Pro Cycling,,,,,,,,,,,,,,,,,,,,0,"0,0",0,,TT,PT
TOWERS Lucas,2,MOD,Modern Adventure Pro Cycling,,,,,,,,,,,,,,,,,,,,0,"0,0",0,,Hills,WT
WRIGHT Paul,2,MOD,Modern Adventure Pro Cycling,,,,,,,,,,,,,,,,,,,,0,"0,0",0,,Hills,PT
MAS Enric,4,MOV,Movistar Team,,,,,,,,,,,,,,,,,,,,0,"0,0",0,,GC,PT
CASTRILLO Pablo,4,MOV,Movistar Team,,,,,,,,,,,,,,,,,,,,0,"0,0",0,,Climber,WT
RUBIO Einer,4,MOV,Movistar Team,,,,,,,,,,,,,,,,,,,,0,"0,0",0,,Climber,WT
TESFATSION Natnael,3,MOV,Movistar Team,,,,,,,,,,,,,,,,,,,,0,"0,0",0,,Hills,PT
GARCÍA PIERNA Raúl,3,MOV,Movistar Team,,,,,,,,,,,,,,,,,,,,0,"0,0",0,,TT,PT
MILESI Lorenzo,3,MOV,Movistar Team,,,,,,,,,,,,,,,,,,,,0,"0,0",0,,TT,WT
ROMO Javier,3,MOV,Movistar Team,,,,,,,,,,,,,,,,,,,,0,"0,0",0,,GC,WT
LÓPEZ Juan Pedro,3,MOV,Movistar Team,,,,,,,,,,,,,,,,,,,,0,"0,0",0,,GC,WT
FORMOLO Davide,3,MOV,Movistar Team,,,,,,,,,,,,,,,,,,,,0,"0,0",0,,Climber,WT
CEPEDA Jefferson Alveiro,3,MOV,Movistar Team,,,,,,,,,,,,,,,,,,,,0,"0,0",0,,GC,WT
QUINTANA Nairo,3,MOV,Movistar Team,,,,,,,,,,,,,,,,,,,,0,"0,0",0,,GC,WT
OLIVEIRA Nelson,3,MOV,Movistar Team,,,,,,,,,,,,,,,,,,,,0,"0,0",0,,TT,PT
SÁNCHEZ Pelayo,3,MOV,Movistar Team,,,,,,,,,,,,,,,,,,,,0,"0,0",0,,Climber,WT
PESCADOR Diego,2,MOV,Movistar Team,,,,,,,,,,,,,,,,,,,,0,"0,0",0,,Climber,WT
ARCAS Jorge,2,MOV,Movistar Team,,,,,,,,,,,,,,,,,,,,0,"0,0",0,,GC,PT
HESSMANN Michel,2,MOV,Movistar Team,,,,,,,,,,,,,,,,,,,,0,"0,0",0,,Hills,PT
NOVÁK Pavel,2,MOV,Movistar Team,,,,,,,,,,,,,,,,,,,,0,"0,0",0,,Climber,PT
SERRANO Gonzalo,2,MOV,Movistar Team,,,,,,,,,,,,,,,,,,,,0,"0,0",0,,Hills,WT
TORRES Albert,2,MOV,Movistar Team,,,,,,,,,,,,,,,,,,,,0,"0,0",0,,GC,WT
STRONG Corbin,4,NSN,NSN Cycling Team,,,,,,,,,,,,,,,,,,,,0,"0,0",0,,Hills,WT
VERNON Ethan,4,NSN,NSN Cycling Team,,,,,,,,,,,,,,,,,,,,0,"0,0",0,,Sprint,WT
LUTSENKO Alexey,4,NSN,NSN Cycling Team,,,,,,,,,,,,,,,,,,,,0,"0,0",0,,GC,WT
FRIGO Marco,3,NSN,NSN Cycling Team,,,,,,,,,,,,,,,,,,,,0,"0,0",0,,Climber,PT
STEWART Jake,3,NSN,NSN Cycling Team,,,,,,,,,,,,,,,,,,,,0,"0,0",0,,Hills,WT
EINHORN Itamar,3,NSN,NSN Cycling Team,,,,,,,,,,,,,,,,,,,,0,"0,0",0,,Sprint,WT
HIRT Jan,3,NSN,NSN Cycling Team,,,,,,,,,,,,,,,,,,,,0,"0,0",0,,GC,PT
NEILANDS Krists,3,NSN,NSN Cycling Team,,,,,,,,,,,,,,,,,,,,0,"0,0",0,,Oneday,WT
WILLIAMS Stephen,3,NSN,NSN Cycling Team,,,,,,,,,,,,,,,,,,,,0,"0,0",0,,GC,WT
GILMORE Brady,2,NSN,NSN Cycling Team,,,,,,,,,,,,,,,,,,,,0,"0,0",0,,Hills,WT
CÔTÉ Pier-André,2,NSN,NSN Cycling Team,,,,,,,,,,,,,,,,,,,,0,"0,0",0,,Oneday,WT
SMITH Dion,2,NSN,NSN Cycling Team,,,,,,,,,,,,,,,,,,,,0,"0,0",0,,Hills,PT
BENNETT George,2,NSN,NSN Cycling Team,,,,,,,,,,,,,,,,,,,,0,"0,0",0,,GC,PT
RAISBERG Nadav,2,NSN,NSN Cycling Team,,,,,,,,,,,,,,,,,,,,0,"0,0",0,,Hills,WT
MOSCHETTI Matteo,4,Q36.5,Pinarello Q36.5 Pro Cycling Team,,,,,,,,,,,,,,,,,,,,0,"0,0",0,,Sprint,PT
HARPER Chris,4,Q36.5,Pinarello Q36.5 Pro Cycling Team,,,,,,,,,,,,,,,,,,,,0,"0,0",0,,GC,CT
DUNBAR Eddie,4,Q36.5,Pinarello Q36.5 Pro Cycling Team,,,,,,,,,,,,,,,,,,,,0,"0,0",0,,GC,WT
BENNETT Sam,4,Q36.5,Pinarello Q36.5 Pro Cycling Team,,,,,,,,,,,,,,,,,,,,0,"0,0",0,,Sprint,WT
CHRISTEN Fabio,3,Q36.5,Pinarello Q36.5 Pro Cycling Team,,,,,,,,,,,,,,,,,,,,0,"0,0",0,,Oneday,PT
DE LA CRUZ David,3,Q36.5,Pinarello Q36.5 Pro Cycling Team,,,,,,,,,,,,,,,,,,,,0,"0,0",0,,GC,CT
HOWSON Damien,3,Q36.5,Pinarello Q36.5 Pro Cycling Team,,,,,,,,,,,,,,,,,,,,0,"0,0",0,,GC,WT
LIEPIŅŠ Emīls,3,Q36.5,Pinarello Q36.5 Pro Cycling Team,,,,,,,,,,,,,,,,,,,,0,"0,0",0,,Sprint,WT
VADER Milan,3,Q36.5,Pinarello Q36.5 Pro Cycling Team,,,,,,,,,,,,,,,,,,,,0,"0,0",0,,GC,WT
DONOVAN Mark,2,Q36.5,Pinarello Q36.5 Pro Cycling Team,,,,,,,,,,,,,,,,,,,,0,"0,0",0,,GC,PT
GLOAG Thomas,2,Q36.5,Pinarello Q36.5 Pro Cycling Team,,,,,,,,,,,,,,,,,,,,0,"0,0",0,,GC,WT
AZPARREN Xabier Mikel,2,Q36.5,Pinarello Q36.5 Pro Cycling Team,,,,,,,,,,,,,,,,,,,,0,"0,0",0,,TT,WT
BADILATTI Matteo,2,Q36.5,Pinarello Q36.5 Pro Cycling Team,,,,,,,,,,,,,,,,,,,,0,"0,0",0,,GC,WT
BAX Sjoerd,2,Q36.5,Pinarello Q36.5 Pro Cycling Team,,,,,,,,,,,,,,,,,,,,0,"0,0",0,,GC,PT
CALZONI Walter,2,Q36.5,Pinarello Q36.5 Pro Cycling Team,,,,,,,,,,,,,,,,,,,,0,"0,0",0,,Hills,WT
CAMPRUBÍ Marcel,2,Q36.5,Pinarello Q36.5 Pro Cycling Team,,,,,,,,,,,,,,,,,,,,0,"0,0",0,,Hills,PT
HOUCOU Emmanuel,2,Q36.5,Pinarello Q36.5 Pro Cycling Team,,,,,,,,,,,,,,,,,,,,0,"0,0",0,,Sprint,WT
MAŁECKI Kamil,2,Q36.5,Pinarello Q36.5 Pro Cycling Team,,,,,,,,,,,,,,,,,,,,0,"0,0",0,,GC,PT
PARISINI Nicolò,2,Q36.5,Pinarello Q36.5 Pro Cycling Team,,,,,,,,,,,,,,,,,,,,0,"0,0",0,,Hills,PT
PIDCOCK Joseph,2,Q36.5,Pinarello Q36.5 Pro Cycling Team,,,,,,,,,,,,,,,,,,,,0,"0,0",0,,Hills,WT
VANHOUCKE Harm,2,Q36.5,Pinarello Q36.5 Pro Cycling Team,,,,,,,,,,,,,,,,,,,,0,"0,0",0,,GC,PT
ROGLIČ Primož,7,RBBH,Red Bull - BORA - hansgrohe,,,,,,,,,,,,,,,,,,,,0,"0,0",0,,Climber,PT
LIPOWITZ Florian,6,RBBH,Red Bull - BORA - hansgrohe,,,,,,,,,,,,,,,,,,,,0,"0,0",0,,GC,PT
HINDLEY Jai,5,RBBH,Red Bull - BORA - hansgrohe,,,,,,,,,,,,,,,,,,,,0,"0,0",0,,GC,PT
VLASOV Aleksandr,4,RBBH,Red Bull - BORA - hansgrohe,,,,,,,,,,,,,,,,,,,,0,"0,0",0,,Climber,WT
FISHER-BLACK Finn,3,RBBH,Red Bull - BORA - hansgrohe,,,,,,,,,,,,,,,,,,,,0,"0,0",0,,GC,PT
DENZ Nico,3,RBBH,Red Bull - BORA - hansgrohe,,,,,,,,,,,,,,,,,,,,0,"0,0",0,,Hills,WT
CATTANEO Mattia,3,RBBH,Red Bull - BORA - hansgrohe,,,,,,,,,,,,,,,,,,,,0,"0,0",0,,TT,WT
HAJEK Alexander,2,RBBH,Red Bull - BORA - hansgrohe,,,,,,,,,,,,,,,,,,,,0,"0,0",0,,GC,WT
ZWIEHOFF Ben,2,RBBH,Red Bull - BORA - hansgrohe,,,,,,,,,,,,,,,,,,,,0,"0,0",0,,GC,WT
ALEOTTI Giovanni,2,RBBH,Red Bull - BORA - hansgrohe,,,,,,,,,,,,,,,,,,,,0,"0,0",0,,GC,PT
HERZOG Emil,2,RBBH,Red Bull - BORA - hansgrohe,,,,,,,,,,,,,,,,,,,,0,"0,0",0,,Oneday,WT
MOSCON Gianni,2,RBBH,Red Bull - BORA - hansgrohe,,,,,,,,,,,,,,,,,,,,0,"0,0",0,,Oneday,PT
THORNLEY Callum,2,RBBH,Red Bull - BORA - hansgrohe,,,,,,,,,,,,,,,,,,,,0,"0,0",0,,TT,PT
TUCKWELL Luke,2,RBBH,Red Bull - BORA - hansgrohe,,,,,,,,,,,,,,,,,,,,0,"0,0",0,,Climber,PT
WANDAHL Frederik,2,RBBH,Red Bull - BORA - hansgrohe,,,,,,,,,,,,,,,,,,,,0,"0,0",0,,Oneday,PT
RAJOVIĆ Dušan,3,NIP,Solution Tech NIPPO Rali,,,,,,,,,,,,,,,,,,,,0,"0,0",0,,Sprint,PT
BONNEU Kamiel,2,NIP,Solution Tech NIPPO Rali,,,,,,,,,,,,,,,,,,,,0,"0,0",0,,GC,WT
ARASHIRO Yukiya,2,NIP,Solution Tech NIPPO Rali,,,,,,,,,,,,,,,,,,,,0,"0,0",0,,Oneday,PT
ARCHIBOLD Franklin,2,NIP,Solution Tech NIPPO Rali,,,,,,,,,,,,,,,,,,,,0,"0,0",0,,TT,PT
BALMER Alexandre,2,NIP,Solution Tech NIPPO Rali,,,,,,,,,,,,,,,,,,,,0,"0,0",0,,Oneday,WT
CONTI Valerio,2,NIP,Solution Tech NIPPO Rali,,,,,,,,,,,,,,,,,,,,0,"0,0",0,,GC,WT
ĐURIĆ Đorđe,2,NIP,Solution Tech NIPPO Rali,,,,,,,,,,,,,,,,,,,,0,"0,0",0,,Sprint,WT
FABBRO Matteo,2,NIP,Solution Tech NIPPO Rali,,,,,,,,,,,,,,,,,,,,0,"0,0",0,,GC,PT
FINKŠT Tilen,2,NIP,Solution Tech NIPPO Rali,,,,,,,,,,,,,,,,,,,,0,"0,0",0,,Sprint,PT
GAZZOLI Michele,2,NIP,Solution Tech NIPPO Rali,,,,,,,,,,,,,,,,,,,,0,"0,0",0,,Hills,WT
GONZÁLEZ Roberto Carlos,2,NIP,Solution Tech NIPPO Rali,,,,,,,,,,,,,,,,,,,,0,"0,0",0,,TT,PT
GRANGER Ben,2,NIP,Solution Tech NIPPO Rali,,,,,,,,,,,,,,,,,,,,0,"0,0",0,,Oneday,WT
IACCHI Alessandro,2,NIP,Solution Tech NIPPO Rali,,,,,,,,,,,,,,,,,,,,0,"0,0",0,,GC,PT
MEO Felix James,2,NIP,Solution Tech NIPPO Rali,,,,,,,,,,,,,,,,,,,,0,"0,0",0,,Hills,PT
NENCINI Tommaso,2,NIP,Solution Tech NIPPO Rali,,,,,,,,,,,,,,,,,,,,0,"0,0",0,,Sprint,PT
PIRAS Andrea,2,NIP,Solution Tech NIPPO Rali,,,,,,,,,,,,,,,,,,,,0,"0,0",0,,Sprint,PT
REGNANTI Matteo,2,NIP,Solution Tech NIPPO Rali,,,,,,,,,,,,,,,,,,,,0,"0,0",0,,Sprint,WT
SAMUDIO Carlos,2,NIP,Solution Tech NIPPO Rali,,,,,,,,,,,,,,,,,,,,0,"0,0",0,,TT,WT
UMBA Santiago,2,NIP,Solution Tech NIPPO Rali,,,,,,,,,,,,,,,,,,,,0,"0,0",0,,GC,PT
VERRANDO Luca,2,NIP,Solution Tech NIPPO Rali,,,,,,,,,,,,,,,,,,,,0,"0,0",0,,Oneday,WT
VIVIANI Attilio,2,NIP,Solution Tech NIPPO Rali,,,,,,,,,,,,,,,,,,,,0,"0,0",0,,Sprint,WT
LANDA Mikel,4,SQS,Soudal - Quick Step,,,,,,,,,,,,,,,,,,,,0,"0,0",0,,Climber,PT
SCHACHMANN Maximilian,4,SQS,Soudal - Quick Step,,,,,,,,,,,,,,,,,,,,0,"0,0",0,,GC,PT
DAINESE Alberto,4,SQS,Soudal - Quick Step,,,,,,,,,,,,,,,,,,,,0,"0,0",0,,Sprint,WT
HAYTER Ethan,4,SQS,Soudal - Quick Step,,,,,,,,,,,,,,,,,,,,0,"0,0",0,,TT,WT
PARET-PEINTRE Valentin,4,SQS,Soudal - Quick Step,,,,,,,,,,,,,,,,,,,,0,"0,0",0,,Climber,PT
VANSEVENANT Mauri,4,SQS,Soudal - Quick Step,,,,,,,,,,,,,,,,,,,,0,"0,0",0,,Climber,PT
LECERF Junior,3,SQS,Soudal - Quick Step,,,,,,,,,,,,,,,,,,,,0,"0,0",0,,GC,WT
ZANA Filippo,3,SQS,Soudal - Quick Step,,,,,,,,,,,,,,,,,,,,0,"0,0",0,,GC,WT
CRAS Steff,3,SQS,Soudal - Quick Step,,,,,,,,,,,,,,,,,,,,0,"0,0",0,,GC,PT
GAROFOLI Gianmarco,3,SQS,Soudal - Quick Step,,,,,,,,,,,,,,,,,,,,0,"0,0",0,,Climber,WT
EENKHOORN Pascal,3,SQS,Soudal - Quick Step,,,,,,,,,,,,,,,,,,,,0,"0,0",0,,Oneday,PT
VAN DEN BOSSCHE Fabio,3,SQS,Soudal - Quick Step,,,,,,,,,,,,,,,,,,,,0,"0,0",0,,GC,WT
VAN LERBERGHE Bert,3,SQS,Soudal - Quick Step,,,,,,,,,,,,,,,,,,,,0,"0,0",0,,Oneday,WT
BASTIAENS Ayco,2,SQS,Soudal - Quick Step,,,,,,,,,,,,,,,,,,,,0,"0,0",0,,GC,PT
REINDERINK Pepijn,2,SQS,Soudal - Quick Step,,,,,,,,,,,,,,,,,,,,0,"0,0",0,,Hills,WT
VERVAEKE Louis,2,SQS,Soudal - Quick Step,,,,,,,,,,,,,,,,,,,,0,"0,0",0,,GC,PT
VERVENNE Jonathan,2,SQS,Soudal - Quick Step,,,,,,,,,,,,,,,,,,,,0,"0,0",0,,TT,WT
BAUWENS Siebe,2,TAR,Tarteletto - Isorex,,,,,,,,,,,,,,,,,,,,0,"0,0",0,,,PT
HARTEEL Jelle,2,TAR,Tarteletto - Isorex,,,,,,,,,,,,,,,,,,,,0,"0,0",0,,Sprint,WT
KILLY Jonah,2,TAR,Tarteletto - Isorex,,,,,,,,,,,,,,,,,,,,0,"0,0",0,,GC,PT
LEFEVRE Fabrice,2,TAR,Tarteletto - Isorex,,,,,,,,,,,,,,,,,,,,0,"0,0",0,,,PT
MARCHAND Gianni,2,TAR,Tarteletto - Isorex,,,,,,,,,,,,,,,,,,,,0,"0,0",0,,GC,WT
ROMMELAERE Iben,2,TAR,Tarteletto - Isorex,,,,,,,,,,,,,,,,,,,,0,"0,0",0,,,WT
TEUGELS Lennert,2,TAR,Tarteletto - Isorex,,,,,,,,,,,,,,,,,,,,0,"0,0",0,,Hills,WT
VANHEEL Elias,2,TAR,Tarteletto - Isorex,,,,,,,,,,,,,,,,,,,,0,"0,0",0,,,PT
DEMAN Brem,2,FLB,Team Flanders - Baloise,,,,,,,,,,,,,,,,,,,,0,"0,0",0,,Oneday,WT
DENS Tuur,2,FLB,Team Flanders - Baloise,,,,,,,,,,,,,,,,,,,,0,"0,0",0,,Oneday,WT
GEERAERTS Ferre,2,FLB,Team Flanders - Baloise,,,,,,,,,,,,,,,,,,,,0,"0,0",0,,TT,WT
HESTERS Jules,2,FLB,Team Flanders - Baloise,,,,,,,,,,,,,,,,,,,,0,"0,0",0,,Sprint,PT
HUYSMANS Nolan,2,FLB,Team Flanders - Baloise,,,,,,,,,,,,,,,,,,,,0,"0,0",0,,Sprint,PT
Thonnon Senne,2,FLB,Team Flanders - Baloise,,,,,,,,,,,,,,,,,,,,0,"0,0",0,,,PT
TORNEY Artuur,2,FLB,Team Flanders - Baloise,,,,,,,,,,,,,,,,,,,,0,"0,0",0,,Sprint,WT
Van den Haute Milan,2,FLB,Team Flanders - Baloise,,,,,,,,,,,,,,,,,,,,0,"0,0",0,,,WT
VAN HAUTEGEM Leander,2,FLB,Team Flanders - Baloise,,,,,,,,,,,,,,,,,,,,0,"0,0",0,,Sprint,WT
VANDENABEELE Henri,2,FLB,Team Flanders - Baloise,,,,,,,,,,,,,,,,,,,,0,"0,0",0,,GC,WT
VANDENBRANDEN Noah,2,FLB,Team Flanders - Baloise,,,,,,,,,,,,,,,,,,,,0,"0,0",0,,TT,PT
VERCOUILLIE Victor,2,FLB,Team Flanders - Baloise,,,,,,,,,,,,,,,,,,,,0,"0,0",0,,TT,WT
O'CONNOR Ben,5,JAY,Team Jayco AlUla,,,,,,,,,,,,,,,,,,,,0,"0,0",0,,GC,PT
PLAPP Luke,4,JAY,Team Jayco AlUla,,,,,,,,,,,,,,,,,,,,0,"0,0",0,,TT,PT
ACKERMANN Pascal,4,JAY,Team Jayco AlUla,,,,,,,,,,,,,,,,,,,,0,"0,0",0,,Sprint,WT
DOUBLE Paul,3,JAY,Team Jayco AlUla,,,,,,,,,,,,,,,,,,,,0,"0,0",0,,GC,PT
VENDRAME Andrea,3,JAY,Team Jayco AlUla,,,,,,,,,,,,,,,,,,,,0,"0,0",0,,Hills,PT
ENGELHARDT Felix,3,JAY,Team Jayco AlUla,,,,,,,,,,,,,,,,,,,,0,"0,0",0,,Oneday,WT
BOUWMAN Koen,3,JAY,Team Jayco AlUla,,,,,,,,,,,,,,,,,,,,0,"0,0",0,,GC,PT
DURBRIDGE Luke,3,JAY,Team Jayco AlUla,,,,,,,,,,,,,,,,,,,,0,"0,0",0,,TT,WT
MEZGEC Luka,3,JAY,Team Jayco AlUla,,,,,,,,,,,,,,,,,,,,0,"0,0",0,,Hills,PT
DE PRETTO Davide,2,JAY,Team Jayco AlUla,,,,,,,,,,,,,,,,,,,,0,"0,0",0,,Hills,PT
GAMPER Patrick,2,JAY,Team Jayco AlUla,,,,,,,,,,,,,,,,,,,,0,"0,0",0,,Oneday,WT
HELLEMOSE Asbjørn,2,JAY,Team Jayco AlUla,,,,,,,,,,,,,,,,,,,,0,"0,0",0,,GC,PT
JUUL-JENSEN Christopher,2,JAY,Team Jayco AlUla,,,,,,,,,,,,,,,,,,,,0,"0,0",0,,GC,WT
MCKENZIE Hamish,2,JAY,Team Jayco AlUla,,,,,,,,,,,,,,,,,,,,0,"0,0",0,,Hills,WT
PICKERING Finlay,2,JAY,Team Jayco AlUla,,,,,,,,,,,,,,,,,,,,0,"0,0",0,,Climber,WT
PORTER Rudy,2,JAY,Team Jayco AlUla,,,,,,,,,,,,,,,,,,,,0,"0,0",0,,GC,PT
SÜTTERLIN Jasha,2,JAY,Team Jayco AlUla,,,,,,,,,,,,,,,,,,,,0,"0,0",0,,TT,WT
ARMITT Hamish,2,NOV,Team Novo Nordisk,,,,,,,,,,,,,,,,,,,,0,"0,0",0,,Hills,PT
BEADLE Hamish,2,NOV,Team Novo Nordisk,,,,,,,,,,,,,,,,,,,,0,"0,0",0,,Sprint,PT
BRAND Sam,2,NOV,Team Novo Nordisk,,,,,,,,,,,,,,,,,,,,0,"0,0",0,,GC,WT
Colladon Jacopo,2,NOV,Team Novo Nordisk,,,,,,,,,,,,,,,,,,,,0,"0,0",0,,,WT
DAUGE Lucas,2,NOV,Team Novo Nordisk,,,,,,,,,,,,,,,,,,,,0,"0,0",0,,Climber,PT
DE GRAEVE Quinten,2,NOV,Team Novo Nordisk,,,,,,,,,,,,,,,,,,,,0,"0,0",0,,Hills,PT
IRVINE Declan,2,NOV,Team Novo Nordisk,,,,,,,,,,,,,,,,,,,,0,"0,0",0,,TT,WT
Lopez Juan Jose,2,NOV,Team Novo Nordisk,,,,,,,,,,,,,,,,,,,,0,"0,0",0,,,WT
LOZANO David,2,NOV,Team Novo Nordisk,,,,,,,,,,,,,,,,,,,,0,"0,0",0,,GC,WT
Mackie Donovan,2,NOV,Team Novo Nordisk,,,,,,,,,,,,,,,,,,,,0,"0,0",0,,,WT
MCDONALD Bailey,2,NOV,Team Novo Nordisk,,,,,,,,,,,,,,,,,,,,0,"0,0",0,,Hills,PT
MULLER Anton,2,NOV,Team Novo Nordisk,,,,,,,,,,,,,,,,,,,,0,"0,0",0,,Hills,PT
PERON Andrea,2,NOV,Team Novo Nordisk,,,,,,,,,,,,,,,,,,,,0,"0,0",0,,Sprint,WT
POLGA Antonio,2,NOV,Team Novo Nordisk,,,,,,,,,,,,,,,,,,,,0,"0,0",0,,Sprint,PT
POLI Umberto,2,NOV,Team Novo Nordisk,,,,,,,,,,,,,,,,,,,,0,"0,0",0,,Sprint,WT
Posnic Louis-Marie,2,NOV,Team Novo Nordisk,,,,,,,,,,,,,,,,,,,,0,"0,0",0,,,WT
RIDOLFO Filippo,2,NOV,Team Novo Nordisk,,,,,,,,,,,,,,,,,,,,0,"0,0",0,,Sprint,WT
SMITH Nathan,2,NOV,Team Novo Nordisk,,,,,,,,,,,,,,,,,,,,0,"0,0",0,,Sprint,WT
Terrier Lucas,2,NOV,Team Novo Nordisk,,,,,,,,,,,,,,,,,,,,0,"0,0",0,,,PT
WATTELLE Célestin,2,NOV,Team Novo Nordisk,,,,,,,,,,,,,,,,,,,,0,"0,0",0,,Sprint,WT
EEKHOFF Nils,4,PIC,Team Picnic PostNL,,,,,,,,,,,,,,,,,,,,0,"0,0",0,,Oneday,WT
POOLE Max,4,PIC,Team Picnic PostNL,,,,,,,,,,,,,,,,,,,,0,"0,0",0,,GC,WT
VAN UDEN Casper,4,PIC,Team Picnic PostNL,,,,,,,,,,,,,,,,,,,,0,"0,0",0,,Sprint,WT
KOERDT Bjorn,2,PIC,Team Picnic PostNL,,,,,,,,,,,,,,,,,,,,0,"0,0",0,,Hills,PT
MARTINEZ Juan Guillermo,2,PIC,Team Picnic PostNL,,,,,,,,,,,,,,,,,,,,0,"0,0",0,,GC,PT
HAMILTON Chris,2,PIC,Team Picnic PostNL,,,,,,,,,,,,,,,,,,,,0,"0,0",0,,GC,WT
DHONDT Robbe,2,PIC,Team Picnic PostNL,,,,,,,,,,,,,,,,,,,,0,"0,0",0,,Hills,WT
DINHAM Matthew,2,PIC,Team Picnic PostNL,,,,,,,,,,,,,,,,,,,,0,"0,0",0,,Oneday,WT
FAURE PROST Alexy,2,PIC,Team Picnic PostNL,,,,,,,,,,,,,,,,,,,,0,"0,0",0,,GC,PT
KNOX James,2,PIC,Team Picnic PostNL,,,,,,,,,,,,,,,,,,,,0,"0,0",0,,GC,WT
LEEMREIZE Gijs,2,PIC,Team Picnic PostNL,,,,,,,,,,,,,,,,,,,,0,"0,0",0,,Climber,WT
MÄRKL Niklas,2,PIC,Team Picnic PostNL,,,,,,,,,,,,,,,,,,,,0,"0,0",0,,Sprint,WT
NABERMAN Tim,2,PIC,Team Picnic PostNL,,,,,,,,,,,,,,,,,,,,0,"0,0",0,,GC,PT
PEACE Oliver,2,PIC,Team Picnic PostNL,,,,,,,,,,,,,,,,,,,,0,"0,0",0,,Hills,WT
WELTEN Bram,2,PIC,Team Picnic PostNL,,,,,,,,,,,,,,,,,,,,0,"0,0",0,,Oneday,WT
LONARDI Giovanni,3,POL,Team Polti VisitMalta,,,,,,,,,,,,,,,,,,,,0,"0,0",0,,Sprint,PT
PEÑALVER Manuel,2,POL,Team Polti VisitMalta,,,,,,,,,,,,,,,,,,,,0,"0,0",0,,Sprint,PT
CRESCIOLI Ludovico,2,POL,Team Polti VisitMalta,,,,,,,,,,,,,,,,,,,,0,"0,0",0,,Hills,WT
TERCERO Fernando,2,POL,Team Polti VisitMalta,,,,,,,,,,,,,,,,,,,,0,"0,0",0,,GC,PT
MAESTRI Mirco,2,POL,Team Polti VisitMalta,,,,,,,,,,,,,,,,,,,,0,"0,0",0,,Hills,WT
BAIS Davide,2,POL,Team Polti VisitMalta,,,,,,,,,,,,,,,,,,,,0,"0,0",0,,GC,CT
GÓMEZ Germán Darío,2,POL,Team Polti VisitMalta,,,,,,,,,,,,,,,,,,,,0,"0,0",0,,GC,WT
BAIS Mattia,2,POL,Team Polti VisitMalta,,,,,,,,,,,,,,,,,,,,0,"0,0",0,,GC,WT
Benito Adrián,2,POL,Team Polti VisitMalta,,,,,,,,,,,,,,,,,,,,0,"0,0",0,,,WT
BESSEGA Gabriele,2,POL,Team Polti VisitMalta,,,,,,,,,,,,,,,,,,,,0,"0,0",0,,Sprint,PT
BESSEGA Tommaso,2,POL,Team Polti VisitMalta,,,,,,,,,,,,,,,,,,,,0,"0,0",0,,Hills,WT
BUTTIGIEG Aidan,2,POL,Team Polti VisitMalta,,,,,,,,,,,,,,,,,,,,0,"0,0",0,,TT,WT
Crozzolo Fabrizio,2,POL,Team Polti VisitMalta,,,,,,,,,,,,,,,,,,,,0,"0,0",0,,,CT
GARCÍA Pablo,2,POL,Team Polti VisitMalta,,,,,,,,,,,,,,,,,,,,0,"0,0",0,,TT,WT
Giuliano Dario,2,POL,Team Polti VisitMalta,,,,,,,,,,,,,,,,,,,,0,"0,0",0,,,PT
MIFSUD Andrea,2,POL,Team Polti VisitMalta,,,,,,,,,,,,,,,,,,,,0,"0,0",0,,Hills,PT
MUÑOZ Francisco,2,POL,Team Polti VisitMalta,,,,,,,,,,,,,,,,,,,,0,"0,0",0,,GC,WT
PESENTI Thomas,2,POL,Team Polti VisitMalta,,,,,,,,,,,,,,,,,,,,0,"0,0",0,,Hills,WT
PIETROBON Andrea,2,POL,Team Polti VisitMalta,,,,,,,,,,,,,,,,,,,,0,"0,0",0,,Hills,WT
RACCAGNI Gabriele,2,POL,Team Polti VisitMalta,,,,,,,,,,,,,,,,,,,,0,"0,0",0,,Sprint,WT
SERRANO Javier,2,POL,Team Polti VisitMalta,,,,,,,,,,,,,,,,,,,,0,"0,0",0,,Hills,PT
SEVILLA Diego Pablo,2,POL,Team Polti VisitMalta,,,,,,,,,,,,,,,,,,,,0,"0,0",0,,Hills,PT
TONELLI Alessandro,2,POL,Team Polti VisitMalta,,,,,,,,,,,,,,,,,,,,0,"0,0",0,,GC,WT
VINGEGAARD Jonas,8,VLAB,Team Visma | Lease a Bike,,,,,,,,,,,,,,,,,,,,0,"0,0",0,,GC,WT
KUSS Sepp,5,VLAB,Team Visma | Lease a Bike,,,,,,,,,,,,,,,,,,,,0,"0,0",0,,Climber,WT
CAMPENAERTS Victor,4,VLAB,Team Visma | Lease a Bike,,,,,,,,,,,,,,,,,,,,0,"0,0",0,,TT,WT
PIGANZOLI Davide,3,VLAB,Team Visma | Lease a Bike,,,,,,,,,,,,,,,,,,,,0,"0,0",0,,GC,WT
ARMIRAIL Bruno,3,VLAB,Team Visma | Lease a Bike,,,,,,,,,,,,,,,,,,,,0,"0,0",0,,TT,PT
NORDHAGEN Jørgen,3,VLAB,Team Visma | Lease a Bike,,,,,,,,,,,,,,,,,,,,0,"0,0",0,,GC,WT
LEMMEN Bart,3,VLAB,Team Visma | Lease a Bike,,,,,,,,,,,,,,,,,,,,0,"0,0",0,,GC,WT
KELDERMAN Wilco,3,VLAB,Team Visma | Lease a Bike,,,,,,,,,,,,,,,,,,,,0,"0,0",0,,GC,WT
KRUIJSWIJK Steven,3,VLAB,Team Visma | Lease a Bike,,,,,,,,,,,,,,,,,,,,0,"0,0",0,,GC,WT
SCHIFFER Anton,2,VLAB,Team Visma | Lease a Bike,,,,,,,,,,,,,,,,,,,,0,"0,0",0,,GC,WT
DOULL Owain,2,VLAB,Team Visma | Lease a Bike,,,,,,,,,,,,,,,,,,,,0,"0,0",0,,Oneday,WT
GRAAT Tijmen,2,VLAB,Team Visma | Lease a Bike,,,,,,,,,,,,,,,,,,,,0,"0,0",0,,GC,WT
HUISING Menno,2,VLAB,Team Visma | Lease a Bike,,,,,,,,,,,,,,,,,,,,0,"0,0",0,,Oneday,WT
REX Tim,2,VLAB,Team Visma | Lease a Bike,,,,,,,,,,,,,,,,,,,,0,"0,0",0,,Hills,WT
JEANNIÈRE Emilien,4,TOT,TotalEnergies,,,,,,,,,,,,,,,,,,,,0,"0,0",0,,Oneday,PT
JEGAT Jordan,4,TOT,TotalEnergies,,,,,,,,,,,,,,,,,,,,0,"0,0",0,,Climber,PT
BURGAUDEAU Mathieu,3,TOT,TotalEnergies,,,,,,,,,,,,,,,,,,,,0,"0,0",0,,Hills,WT
DELBOVE Joris,2,TOT,TotalEnergies,,,,,,,,,,,,,,,,,,,,0,"0,0",0,,GC,PT
VERCHER Mattéo,2,TOT,TotalEnergies,,,,,,,,,,,,,,,,,,,,0,"0,0",0,,Hills,WT
DOUBEY Fabien,2,TOT,TotalEnergies,,,,,,,,,,,,,,,,,,,,0,"0,0",0,,GC,WT
BREUILLARD Nicolas,2,TOT,TotalEnergies,,,,,,,,,,,,,,,,,,,,0,"0,0",0,,GC,WT
LE BERRE Mathis,2,TOT,TotalEnergies,,,,,,,,,,,,,,,,,,,,0,"0,0",0,,Hills,WT
BONNET Thomas,2,TOT,TotalEnergies,,,,,,,,,,,,,,,,,,,,0,"0,0",0,,GC,WT
BOUCHARD Geoffrey,2,TOT,TotalEnergies,,,,,,,,,,,,,,,,,,,,0,"0,0",0,,Climber,WT
BOULAHOITE Rayan,2,TOT,TotalEnergies,,,,,,,,,,,,,,,,,,,,0,"0,0",0,,GC,PT
GRELLIER Fabien,2,TOT,TotalEnergies,,,,,,,,,,,,,,,,,,,,0,"0,0",0,,Oneday,CT
GUERNALEC Thibault,2,TOT,TotalEnergies,,,,,,,,,,,,,,,,,,,,0,"0,0",0,,TT,WT
JOUSSEAUME Alan,2,TOT,TotalEnergies,,,,,,,,,,,,,,,,,,,,0,"0,0",0,,Oneday,PT
LÉVÊQUE Theo,2,TOT,TotalEnergies,,,,,,,,,,,,,,,,,,,,0,"0,0",0,,Hills,PT
RETAILLEAU Valentin,2,TOT,TotalEnergies,,,,,,,,,,,,,,,,,,,,0,"0,0",0,,Hills,WT
THIERRY Pierre,2,TOT,TotalEnergies,,,,,,,,,,,,,,,,,,,,0,"0,0",0,,TT,PT
STORER Michael,5,TUD,Tudor Pro Cycling Team,,,,,,,,,,,,,,,,,,,,0,"0,0",0,,Climber,PT
DE KLEIJN Arvid,4,TUD,Tudor Pro Cycling Team,,,,,,,,,,,,,,,,,,,,0,"0,0",0,,Sprint,WT
RONDEL Mathys,3,TUD,Tudor Pro Cycling Team,,,,,,,,,,,,,,,,,,,,0,"0,0",0,,GC,WT
BRENNER Marco,3,TUD,Tudor Pro Cycling Team,,,,,,,,,,,,,,,,,,,,0,"0,0",0,,Climber,WT
MAYRHOFER Marius,3,TUD,Tudor Pro Cycling Team,,,,,,,,,,,,,,,,,,,,0,"0,0",0,,Hills,WT
STORK Florian,3,TUD,Tudor Pro Cycling Team,,,,,,,,,,,,,,,,,,,,0,"0,0",0,,GC,WT
VOISARD Yannis,2,TUD,Tudor Pro Cycling Team,,,,,,,,,,,,,,,,,,,,0,"0,0",0,,GC,WT
BARTA Will,2,TUD,Tudor Pro Cycling Team,,,,,,,,,,,,,,,,,,,,0,"0,0",0,,TT,WT
WARBASSE Larry,2,TUD,Tudor Pro Cycling Team,,,,,,,,,,,,,,,,,,,,0,"0,0",0,,GC,WT
DONZÉ Robin,2,TUD,Tudor Pro Cycling Team,,,,,,,,,,,,,,,,,,,,0,"0,0",0,,Climber,PT
ERIKSSON Jacob,2,TUD,Tudor Pro Cycling Team,,,,,,,,,,,,,,,,,,,,0,"0,0",0,,Oneday,WT
FROIDEVAUX Robin,2,TUD,Tudor Pro Cycling Team,,,,,,,,,,,,,,,,,,,,0,"0,0",0,,Hills,WT
KLUCKERS Arthur,2,TUD,Tudor Pro Cycling Team,,,,,,,,,,,,,,,,,,,,0,"0,0",0,,TT,PT
LIENHARD Fabian,2,TUD,Tudor Pro Cycling Team,,,,,,,,,,,,,,,,,,,,0,"0,0",0,,Oneday,CT
SUTER Joel,2,TUD,Tudor Pro Cycling Team,,,,,,,,,,,,,,,,,,,,0,"0,0",0,,TT,WT
WEISS Fabian,2,TUD,Tudor Pro Cycling Team,,,,,,,,,,,,,,,,,,,,0,"0,0",0,,TT,PT
WILKSCH Hannes,2,TUD,Tudor Pro Cycling Team,,,,,,,,,,,,,,,,,,,,0,"0,0",0,,GC,WT
WIRTGEN Luc,2,TUD,Tudor Pro Cycling Team,,,,,,,,,,,,,,,,,,,,0,"0,0",0,,Hills,PT
ALMEIDA João,6,UAE,UAE Team Emirates - XRG,,,,,,,,,,,,,,,,,,,,0,"0,0",0,,GC,PT
VINE Jay,5,UAE,UAE Team Emirates - XRG,,,,,,,,,,,,,,,,,,,,0,"0,0",0,,TT,WT
YATES Adam,5,UAE,UAE Team Emirates - XRG,,,,,,,,,,,,,,,,,,,,0,"0,0",0,,Climber,WT
NARVÁEZ Jhonatan,5,UAE,UAE Team Emirates - XRG,,,,,,,,,,,,,,,,,,,,0,"0,0",0,,GC,WT
MCNULTY Brandon,4,UAE,UAE Team Emirates - XRG,,,,,,,,,,,,,,,,,,,,0,"0,0",0,,GC,WT
SOLER Marc,4,UAE,UAE Team Emirates - XRG,,,,,,,,,,,,,,,,,,,,0,"0,0",0,,Climber,PT
MOLANO Juan Sebastián,4,UAE,UAE Team Emirates - XRG,,,,,,,,,,,,,,,,,,,,0,"0,0",0,,Sprint,PT
GROßSCHARTNER Felix,3,UAE,UAE Team Emirates - XRG,,,,,,,,,,,,,,,,,,,,0,"0,0",0,,GC,WT
ARRIETA Igor,3,UAE,UAE Team Emirates - XRG,,,,,,,,,,,,,,,,,,,,0,"0,0",0,,Climber,PT
OLIVEIRA Ivo,3,UAE,UAE Team Emirates - XRG,,,,,,,,,,,,,,,,,,,,0,"0,0",0,,TT,WT
VERMAERKE Kevin,3,UAE,UAE Team Emirates - XRG,,,,,,,,,,,,,,,,,,,,0,"0,0",0,,GC,PT
LAENGEN Vegard Stake,3,UAE,UAE Team Emirates - XRG,,,,,,,,,,,,,,,,,,,,0,"0,0",0,,GC,WT
JOHANSEN Julius,2,UAE,UAE Team Emirates - XRG,,,,,,,,,,,,,,,,,,,,0,"0,0",0,,TT,WT
PERICAS Adrià,2,UAE,UAE Team Emirates - XRG,,,,,,,,,,,,,,,,,,,,0,"0,0",0,,GC,PT
TORRES Pablo,2,UAE,UAE Team Emirates - XRG,,,,,,,,,,,,,,,,,,,,0,"0,0",0,,GC,PT
POELS Wout,3,UNI,Unibet Rose Rockets,,,,,,,,,,,,,,,,,,,,0,"0,0",0,,GC,WT
EIKING Odd Christian,3,UNI,Unibet Rose Rockets,,,,,,,,,,,,,,,,,,,,0,"0,0",0,,GC,WT
LOOCKX Lander,3,UNI,Unibet Rose Rockets,,,,,,,,,,,,,,,,,,,,0,"0,0",0,,Hills,WT
KOPECKÝ Matyáš,2,UNI,Unibet Rose Rockets,,,,,,,,,,,,,,,,,,,,0,"0,0",0,,Sprint,WT
MAIRE Adrien,2,UNI,Unibet Rose Rockets,,,,,,,,,,,,,,,,,,,,0,"0,0",0,,Climber,WT
CHRISTOPHERSEN Cedrik Bakke,2,UNI,Unibet Rose Rockets,,,,,,,,,,,,,,,,,,,,0,"0,0",0,,GC,WT
AUGÉ Ronan,2,UNI,Unibet Rose Rockets,,,,,,,,,,,,,,,,,,,,0,"0,0",0,,Sprint,WT
DE VRIES Hartthijs,2,UNI,Unibet Rose Rockets,,,,,,,,,,,,,,,,,,,,0,"0,0",0,,Sprint,WT
FOUGNER Eivind Broholt,2,UNI,Unibet Rose Rockets,,,,,,,,,,,,,,,,,,,,0,"0,0",0,,Climber,WT
GELEIJN Owen,2,UNI,Unibet Rose Rockets,,,,,,,,,,,,,,,,,,,,0,"0,0",0,,Hills,WT
MERIS Sergio,2,UNI,Unibet Rose Rockets,,,,,,,,,,,,,,,,,,,,0,"0,0",0,,Hills,WT
MOURIS Wessel,2,UNI,Unibet Rose Rockets,,,,,,,,,,,,,,,,,,,,0,"0,0",0,,Sprint,WT
MÜLLER Tobias,2,UNI,Unibet Rose Rockets,,,,,,,,,,,,,,,,,,,,0,"0,0",0,,Sprint,PT
PETER Jannis,2,UNI,Unibet Rose Rockets,,,,,,,,,,,,,,,,,,,,0,"0,0",0,,GC,PT
SAVIOZ Colin,2,UNI,Unibet Rose Rockets,,,,,,,,,,,,,,,,,,,,0,"0,0",0,,Climber,CT
STOCKMAN Abram,2,UNI,Unibet Rose Rockets,,,,,,,,,,,,,,,,,,,,0,"0,0",0,,Sprint,WT
ŤOUPALÍK Adam,2,UNI,Unibet Rose Rockets,,,,,,,,,,,,,,,,,,,,0,"0,0",0,,Hills,WT
VERSCHUREN Killian,2,UNI,Unibet Rose Rockets,,,,,,,,,,,,,,,,,,,,0,"0,0",0,,GC,WT
LEKNESSUND Andreas,4,UNOX,Uno-X Mobility,,,,,,,,,,,,,,,,,,,,0,"0,0",0,,GC,PT
TRÆEN Torstein,4,UNOX,Uno-X Mobility,,,,,,,,,,,,,,,,,,,,0,"0,0",0,,GC,WT
KULSET Johannes,3,UNOX,Uno-X Mobility,,,,,,,,,,,,,,,,,,,,0,"0,0",0,,GC,WT
JOHANNESSEN Anders Halland,3,UNOX,Uno-X Mobility,,,,,,,,,,,,,,,,,,,,0,"0,0",0,,GC,WT
FREDHEIM Stian,3,UNOX,Uno-X Mobility,,,,,,,,,,,,,,,,,,,,0,"0,0",0,,Oneday,WT
BLIKRA Erlend,3,UNOX,Uno-X Mobility,,,,,,,,,,,,,,,,,,,,0,"0,0",0,,Sprint,PT
KRON Andreas,3,UNOX,Uno-X Mobility,,,,,,,,,,,,,,,,,,,,0,"0,0",0,,Hills,WT
KAMP Alexander,3,UNOX,Uno-X Mobility,,,,,,,,,,,,,,,,,,,,0,"0,0",0,,Hills,CT
CHARMIG Anthon,2,UNOX,Uno-X Mobility,,,,,,,,,,,,,,,,,,,,0,"0,0",0,,GC,PT
LØLAND Sakarias Koller,2,UNOX,Uno-X Mobility,,,,,,,,,,,,,,,,,,,,0,"0,0",0,,Hills,PT
HOLTER Ådne,2,UNOX,Uno-X Mobility,,,,,,,,,,,,,,,,,,,,0,"0,0",0,,GC,PT
TJØTTA Martin,2,UNOX,Uno-X Mobility,,,,,,,,,,,,,,,,,,,,0,"0,0",0,,GC,WT
BLUME LEVY William,2,UNOX,Uno-X Mobility,,,,,,,,,,,,,,,,,,,,0,"0,0",0,,Oneday,WT
DALBY Simon,2,UNOX,Uno-X Mobility,,,,,,,,,,,,,,,,,,,,0,"0,0",0,,GC,WT
DVERSNES Fredrik,2,UNOX,Uno-X Mobility,,,,,,,,,,,,,,,,,,,,0,"0,0",0,,Oneday,WT
HVIDEBERG Jonas Hem,2,UNOX,Uno-X Mobility,,,,,,,,,,,,,,,,,,,,0,"0,0",0,,Oneday,PT
INGEBRIGTSEN Storm,2,UNOX,Uno-X Mobility,,,,,,,,,,,,,,,,,,,,0,"0,0",0,,Sprint,WT
PEDERSEN Henrik,2,UNOX,Uno-X Mobility,,,,,,,,,,,,,,,,,,,,0,"0,0",0,,Sprint,PT
SKAARSETH Anders,2,UNOX,Uno-X Mobility,,,,,,,,,,,,,,,,,,,,0,"0,0",0,,Oneday,WT
SVARRE Tobias,2,UNOX,Uno-X Mobility,,,,,,,,,,,,,,,,,,,,0,"0,0",0,,Hills,WT
URIANSTAD BUGGE Martin,2,UNOX,Uno-X Mobility,,,,,,,,,,,,,,,,,,,,0,"0,0",0,,Oneday,WT
FORTUNATO Lorenzo,4,AST,XDS Astana Team,,,,,,,,,,,,,,,,,,,,0,"0,0",0,,GC,WT
VELASCO Simone,4,AST,XDS Astana Team,,,,,,,,,,,,,,,,,,,,0,"0,0",0,,Oneday,PT
LÓPEZ Harold Martín,3,AST,XDS Astana Team,,,,,,,,,,,,,,,,,,,,0,"0,0",0,,GC,PT
MALUCELLI Matteo,3,AST,XDS Astana Team,,,,,,,,,,,,,,,,,,,,0,"0,0",0,,Sprint,WT
TEJADA Harold,3,AST,XDS Astana Team,,,,,,,,,,,,,,,,,,,,0,"0,0",0,,Climber,WT
SILVA Guillermo Thomas,3,AST,XDS Astana Team,,,,,,,,,,,,,,,,,,,,0,"0,0",0,,Oneday,WT
HIGUITA Sergio,3,AST,XDS Astana Team,,,,,,,,,,,,,,,,,,,,0,"0,0",0,,Climber,PT
RODRÍGUEZ Cristián,3,AST,XDS Astana Team,,,,,,,,,,,,,,,,,,,,0,"0,0",0,,GC,WT
SYRITSA Gleb,3,AST,XDS Astana Team,,,,,,,,,,,,,,,,,,,,0,"0,0",0,,Sprint,PT
MULUBRHAN Henok,2,AST,XDS Astana Team,,,,,,,,,,,,,,,,,,,,0,"0,0",0,,GC,PT
CONCI Nicola,2,AST,XDS Astana Team,,,,,,,,,,,,,,,,,,,,0,"0,0",0,,GC,WT
GONOV Lev,2,AST,XDS Astana Team,,,,,,,,,,,,,,,,,,,,0,"0,0",0,,Sprint,WT
KAJAMINI Florian Samuel,2,AST,XDS Astana Team,,,,,,,,,,,,,,,,,,,,0,"0,0",0,,Hills,PT
KUZMIN Anton,2,AST,XDS Astana Team,,,,,,,,,,,,,,,,,,,,0,"0,0",0,,GC,WT
SCHRETTL Marco,2,AST,XDS Astana Team,,,,,,,,,,,,,,,,,,,,0,"0,0",0,,Oneday,PT
SU Haoyu,2,AST,XDS Astana Team,,,,,,,,,,,,,,,,,,,,0,"0,0",0,,TT,WT
,,,,174,59,82,59,23,13,53,17,37,43,48,56,10,50,5,11,61,55,57,,,,#N/A,,
18-2-2026,,,,28-2-2026,1-3-2026,3-3-2026,7-3-2026,18-3-2026,20-3-2026,21-3-2026,26-3-2026,27-3-2026,29-3-2026,1-4-2026,5-4-2026,8-4-2026,12-4-2026,15-4-2026,17-4-2026,19-4-2026,22-4-2026,26-4-2026,,,,,RANKINGS,